collection_title,item_title,item_url,reference,year,issue,pages
"Archival records from ""Արձագանք ['Ardzaganq' newspaper], 1895-1897"" (EAP180-3-10)","""Արձագանք [Ardzaganq], Issue 1, 1895""",https://eap.bl.uk/archive-file/EAP180-3-10-1,EAP180/3/10/1,1895,1,
"Archival records from ""Արձագանք ['Ardzaganq' newspaper], 1895-1897"" (EAP180-3-10)","""Արձագանք [Ardzaganq], Issue 3, pages 3-4, 1895""",https://eap.bl.uk/archive-file/EAP180-3-10-2,EAP180/3/10/2,1895,3,3-4
"Archival records from ""Արձագանք ['Ardzaganq' newspaper], 1895-1897"" (EAP180-3-10)","""Արձագանք [Ardzaganq], Issue 4, 1895""",https://eap.bl.uk/archive-file/EAP180-3-10-3,EAP180/3/10/3,1895,4,
"Archival records from ""Արձագանք ['Ardzaganq' newspaper], 1895-1897"" (EAP180-3-10)","""Արձագանք [Ardzaganq], Issue 5, 1895""",https://eap.bl.uk/archive-file/EAP180-3-10-4,EAP180/3/10/4,1895,5,
"Archival records from ""Արձագանք ['Ardzaganq' newspaper], 1895-1897"" (EAP180-3-10)","""Արձագանք [Ardzaganq], Issue 3, pages 1-2, 1895""",https://eap.bl.uk/archive-file/EAP180-3-10-5,EAP180/3/10/5,1895,3,1-2
"Archival records from ""Արձագանք ['Ardzaganq' newspaper], 1895-1897"" (EAP180-3-10)","""Արձագանք [Ardzaganq], Issue 6, 1895""",https://eap.bl.uk/archive-file/EAP180-3-10-6,EAP180/3/10/6,1895,6,
"Archival records from ""Արձագանք ['Ardzaganq' newspaper], 1895-1897"" (EAP180-3-10)","""Արձագանք [Ardzaganq], Issue 7, 1895""",https://eap.bl.uk/archive-file/EAP180-3-10-7,EAP180/3/10/7,1895,7,
"Archival records from ""Արձագանք ['Ardzaganq' newspaper], 1895-1897"" (EAP180-3-10)","""Արձագանք [Ardzaganq], Issue 8, 1895""",https://eap.bl.uk/archive-file/EAP180-3-10-8,EAP180/3/10/8,1895,8,
"Archival records from ""Արձագանք ['Ardzaganq' newspaper], 1895-1897"" (EAP180-3-10)","""Արձագանք [Ardzaganq], Issue 9, 1895""",https://eap.bl.uk/archive-file/EAP180-3-10-9,EAP180/3/10/9,1895,9,
"Archival records from ""Արձագանք ['Ardzaganq' newspaper], 1895-1897"" (EAP180-3-10)","""Արձագանք [Ardzaganq], Issue 10, 1895""",https://eap.bl.uk/archive-file/EAP180-3-10-10,EAP180/3/10/10,1895,10,
"Archival records from ""Արձագանք ['Ardzaganq' newspaper], 1895-1897"" (EAP180-3-10)","""Արձագանք [Ardzaganq], Issue 11, 1895""",https://eap.bl.uk/archive-file/EAP180-3-10-11,EAP180/3/10/11,1895,11,
"Archival records from ""Արձագանք ['Ardzaganq' newspaper], 1895-1897"" (EAP180-3-10)","""Արձագանք [Ardzaganq], Issue 12, 1895""",https://eap.bl.uk/archive-file/EAP180-3-10-12,EAP180/3/10/12,1895,12,
"Archival records from ""Արձագանք ['Ardzaganq' newspaper], 1895-1897"" (EAP180-3-10)","""Արձագանք [Ardzaganq], Issue 13, 1895""",https://eap.bl.uk/archive-file/EAP180-3-10-13,EAP180/3/10/13,1895,13,
"Archival records from ""Արձագանք ['Ardzaganq' newspaper], 1895-1897"" (EAP180-3-10)","""Արձագանք [Ardzaganq], Issue 14, 1895""",https://eap.bl.uk/archive-file/EAP180-3-10-14,EAP180/3/10/14,1895,14,
"Archival records from ""Արձագանք ['Ardzaganq' newspaper], 1895-1897"" (EAP180-3-10)","""Արձագանք [Ardzaganq], Issue 15, 1895""",https://eap.bl.uk/archive-file/EAP180-3-10-15,EAP180/3/10/15,1895,15,
"Archival records from ""Արձագանք ['Ardzaganq' newspaper], 1895-1897"" (EAP180-3-10)","""Արձագանք [Ardzaganq], Issue 16, 1895""",https://eap.bl.uk/archive-file/EAP180-3-10-16,EAP180/3/10/16,1895,16,
"Archival records from ""Արձագանք ['Ardzaganq' newspaper], 1895-1897"" (EAP180-3-10)","""Արձագանք [Ardzaganq], Issue 17, 1895""",https://eap.bl.uk/archive-file/EAP180-3-10-17,EAP180/3/10/17,1895,17,
"Archival records from ""Արձագանք ['Ardzaganq' newspaper], 1895-1897"" (EAP180-3-10)","""Արձագանք [Ardzaganq], Issue 18, 1895""",https://eap.bl.uk/archive-file/EAP180-3-10-18,EAP180/3/10/18,1895,18,
"Archival records from ""Արձագանք ['Ardzaganq' newspaper], 1895-1897"" (EAP180-3-10)","""Արձագանք [Ardzaganq], Issue 19, 1895""",https://eap.bl.uk/archive-file/EAP180-3-10-19,EAP180/3/10/19,1895,19,
"Archival records from ""Արձագանք ['Ardzaganq' newspaper], 1895-1897"" (EAP180-3-10)","""Արձագանք [Ardzaganq], Issue 20, 1895""",https://eap.bl.uk/archive-file/EAP180-3-10-20,EAP180/3/10/20,1895,20,
"Archival records from ""Արձագանք ['Ardzaganq' newspaper], 1895-1897"" (EAP180-3-10)","""Արձագանք [Ardzaganq], Issue 21, 1895""",https://eap.bl.uk/archive-file/EAP180-3-10-21,EAP180/3/10/21,1895,21,
"Archival records from ""Արձագանք ['Ardzaganq' newspaper], 1895-1897"" (EAP180-3-10)","""Արձագանք [Ardzaganq], Issue 22, 1895""",https://eap.bl.uk/archive-file/EAP180-3-10-22,EAP180/3/10/22,1895,22,
"Archival records from ""Արձագանք ['Ardzaganq' newspaper], 1895-1897"" (EAP180-3-10)","""Արձագանք [Ardzaganq], Issue 23, 1895""",https://eap.bl.uk/archive-file/EAP180-3-10-23,EAP180/3/10/23,1895,23,
"Archival records from ""Արձագանք ['Ardzaganq' newspaper], 1895-1897"" (EAP180-3-10)","""Արձագանք [Ardzaganq], Issue 25, 1895""",https://eap.bl.uk/archive-file/EAP180-3-10-24,EAP180/3/10/24,1895,25,
"Archival records from ""Արձագանք ['Ardzaganq' newspaper], 1895-1897"" (EAP180-3-10)","""Արձագանք [Ardzaganq], Issue 26, 1895""",https://eap.bl.uk/archive-file/EAP180-3-10-25,EAP180/3/10/25,1895,26,
"Archival records from ""Արձագանք ['Ardzaganq' newspaper], 1895-1897"" (EAP180-3-10)","""Արձագանք [Ardzaganq], Issue 27, 1895""",https://eap.bl.uk/archive-file/EAP180-3-10-26,EAP180/3/10/26,1895,27,
"Archival records from ""Արձագանք ['Ardzaganq' newspaper], 1895-1897"" (EAP180-3-10)","""Արձագանք [Ardzaganq], Issue 28, 1895""",https://eap.bl.uk/archive-file/EAP180-3-10-27,EAP180/3/10/27,1895,28,
"Archival records from ""Արձագանք ['Ardzaganq' newspaper], 1895-1897"" (EAP180-3-10)","""Արձագանք [Ardzaganq], Issue 29, 1895""",https://eap.bl.uk/archive-file/EAP180-3-10-28,EAP180/3/10/28,1895,29,
"Archival records from ""Արձագանք ['Ardzaganq' newspaper], 1895-1897"" (EAP180-3-10)","""Արձագանք [Ardzaganq], Issue 30, 1895""",https://eap.bl.uk/archive-file/EAP180-3-10-29,EAP180/3/10/29,1895,30,
"Archival records from ""Արձագանք ['Ardzaganq' newspaper], 1895-1897"" (EAP180-3-10)","""Արձագանք [Ardzaganq], Issue 31, 1895""",https://eap.bl.uk/archive-file/EAP180-3-10-30,EAP180/3/10/30,1895,31,
"Archival records from ""Արձագանք ['Ardzaganq' newspaper], 1895-1897"" (EAP180-3-10)","""Արձագանք [Ardzaganq], Issue 32, 1895""",https://eap.bl.uk/archive-file/EAP180-3-10-31,EAP180/3/10/31,1895,32,
"Archival records from ""Արձագանք ['Ardzaganq' newspaper], 1895-1897"" (EAP180-3-10)","""Արձագանք [Ardzaganq], Issue 33, 1895""",https://eap.bl.uk/archive-file/EAP180-3-10-32,EAP180/3/10/32,1895,33,
"Archival records from ""Արձագանք ['Ardzaganq' newspaper], 1895-1897"" (EAP180-3-10)","""Արձագանք [Ardzaganq], Issue 34, 1895""",https://eap.bl.uk/archive-file/EAP180-3-10-33,EAP180/3/10/33,1895,34,
"Archival records from ""Արձագանք ['Ardzaganq' newspaper], 1895-1897"" (EAP180-3-10)","""Արձագանք [Ardzaganq], Issue 35, 1895""",https://eap.bl.uk/archive-file/EAP180-3-10-34,EAP180/3/10/34,1895,35,
"Archival records from ""Արձագանք ['Ardzaganq' newspaper], 1895-1897"" (EAP180-3-10)","""Արձագանք [Ardzaganq], Issue 36, 1895""",https://eap.bl.uk/archive-file/EAP180-3-10-35,EAP180/3/10/35,1895,36,
"Archival records from ""Արձագանք ['Ardzaganq' newspaper], 1895-1897"" (EAP180-3-10)","""Արձագանք [Ardzaganq], Issue 37, 1895""",https://eap.bl.uk/archive-file/EAP180-3-10-36,EAP180/3/10/36,1895,37,
"Archival records from ""Արձագանք ['Ardzaganq' newspaper], 1895-1897"" (EAP180-3-10)","""Արձագանք [Ardzaganq], Issue 38, 1895""",https://eap.bl.uk/archive-file/EAP180-3-10-37,EAP180/3/10/37,1895,38,
"Archival records from ""Արձագանք ['Ardzaganq' newspaper], 1895-1897"" (EAP180-3-10)","""Արձագանք [Ardzaganq], Issue 39, 1895""",https://eap.bl.uk/archive-file/EAP180-3-10-38,EAP180/3/10/38,1895,39,
"Archival records from ""Արձագանք ['Ardzaganq' newspaper], 1895-1897"" (EAP180-3-10)","""Արձագանք [Ardzaganq], Issue 40, 1895""",https://eap.bl.uk/archive-file/EAP180-3-10-39,EAP180/3/10/39,1895,40,
"Archival records from ""Արձագանք ['Ardzaganq' newspaper], 1895-1897"" (EAP180-3-10)","""Արձագանք [Ardzaganq], Issue 41, 1895""",https://eap.bl.uk/archive-file/EAP180-3-10-40,EAP180/3/10/40,1895,41,
"Archival records from ""Արձագանք ['Ardzaganq' newspaper], 1895-1897"" (EAP180-3-10)","""Արձագանք [Ardzaganq], Issue 42, 1895""",https://eap.bl.uk/archive-file/EAP180-3-10-41,EAP180/3/10/41,1895,42,
"Archival records from ""Արձագանք ['Ardzaganq' newspaper], 1895-1897"" (EAP180-3-10)","""Արձագանք [Ardzaganq], Issue 43, 1895""",https://eap.bl.uk/archive-file/EAP180-3-10-42,EAP180/3/10/42,1895,43,
"Archival records from ""Արձագանք ['Ardzaganq' newspaper], 1895-1897"" (EAP180-3-10)","""Արձագանք [Ardzaganq], Issue 44, 1895""",https://eap.bl.uk/archive-file/EAP180-3-10-43,EAP180/3/10/43,1895,44,
"Archival records from ""Արձագանք ['Ardzaganq' newspaper], 1895-1897"" (EAP180-3-10)","""Արձագանք [Ardzaganq], Issue 45, 1895""",https://eap.bl.uk/archive-file/EAP180-3-10-44,EAP180/3/10/44,1895,45,
"Archival records from ""Արձագանք ['Ardzaganq' newspaper], 1895-1897"" (EAP180-3-10)","""Արձագանք [Ardzaganq], Issue 46, 1895""",https://eap.bl.uk/archive-file/EAP180-3-10-45,EAP180/3/10/45,1895,46,
"Archival records from ""Արձագանք ['Ardzaganq' newspaper], 1895-1897"" (EAP180-3-10)","""Արձագանք [Ardzaganq], Issue 47, 1895""",https://eap.bl.uk/archive-file/EAP180-3-10-46,EAP180/3/10/46,1895,47,
"Archival records from ""Արձագանք ['Ardzaganq' newspaper], 1895-1897"" (EAP180-3-10)","""Արձագանք [Ardzaganq], Issue 49, 1895""",https://eap.bl.uk/archive-file/EAP180-3-10-47,EAP180/3/10/47,1895,49,
"Archival records from ""Արձագանք ['Ardzaganq' newspaper], 1895-1897"" (EAP180-3-10)","""Արձագանք [Ardzaganq], Issue 50, 1895""",https://eap.bl.uk/archive-file/EAP180-3-10-48,EAP180/3/10/48,1895,50,
"Archival records from ""Արձագանք ['Ardzaganq' newspaper], 1895-1897"" (EAP180-3-10)","""Արձագանք [Ardzaganq], Issue 51, 1895""",https://eap.bl.uk/archive-file/EAP180-3-10-49,EAP180/3/10/49,1895,51,
"Archival records from ""Արձագանք ['Ardzaganq' newspaper], 1895-1897"" (EAP180-3-10)","""Արձագանք [Ardzaganq], Issue 52, 1895""",https://eap.bl.uk/archive-file/EAP180-3-10-50,EAP180/3/10/50,1895,52,
"Archival records from ""Արձագանք ['Ardzaganq' newspaper], 1895-1897"" (EAP180-3-10)","""Արձագանք [Ardzaganq], Issue 53, 1895""",https://eap.bl.uk/archive-file/EAP180-3-10-51,EAP180/3/10/51,1895,53,
"Archival records from ""Արձագանք ['Ardzaganq' newspaper], 1895-1897"" (EAP180-3-10)","""Արձագանք [Ardzaganq], Issue 54, 1895""",https://eap.bl.uk/archive-file/EAP180-3-10-52,EAP180/3/10/52,1895,54,
"Archival records from ""Արձագանք ['Ardzaganq' newspaper], 1895-1897"" (EAP180-3-10)","""Արձագանք [Ardzaganq], Issue 55, 1895""",https://eap.bl.uk/archive-file/EAP180-3-10-53,EAP180/3/10/53,1895,55,
"Archival records from ""Արձագանք ['Ardzaganq' newspaper], 1895-1897"" (EAP180-3-10)","""Արձագանք [Ardzaganq], Issue 56, 1895""",https://eap.bl.uk/archive-file/EAP180-3-10-54,EAP180/3/10/54,1895,56,
"Archival records from ""Արձագանք ['Ardzaganq' newspaper], 1895-1897"" (EAP180-3-10)","""Արձագանք [Ardzaganq], Issue 57, 1895""",https://eap.bl.uk/archive-file/EAP180-3-10-55,EAP180/3/10/55,1895,57,
"Archival records from ""Արձագանք ['Ardzaganq' newspaper], 1895-1897"" (EAP180-3-10)","""Արձագանք [Ardzaganq], Issue 58, 1895""",https://eap.bl.uk/archive-file/EAP180-3-10-56,EAP180/3/10/56,1895,58,
"Archival records from ""Արձագանք ['Ardzaganq' newspaper], 1895-1897"" (EAP180-3-10)","""Արձագանք [Ardzaganq], Issue 59, 1895""",https://eap.bl.uk/archive-file/EAP180-3-10-57,EAP180/3/10/57,1895,59,
"Archival records from ""Արձագանք ['Ardzaganq' newspaper], 1895-1897"" (EAP180-3-10)","""Արձագանք [Ardzaganq], Issue 60, 1895""",https://eap.bl.uk/archive-file/EAP180-3-10-58,EAP180/3/10/58,1895,60,
"Archival records from ""Արձագանք ['Ardzaganq' newspaper], 1895-1897"" (EAP180-3-10)","""Արձագանք [Ardzaganq], Issue 61, 1895""",https://eap.bl.uk/archive-file/EAP180-3-10-59,EAP180/3/10/59,1895,61,
"Archival records from ""Արձագանք ['Ardzaganq' newspaper], 1895-1897"" (EAP180-3-10)","""Արձագանք [Ardzaganq], Issue 62, 1895""",https://eap.bl.uk/archive-file/EAP180-3-10-60,EAP180/3/10/60,1895,62,
"Archival records from ""Արձագանք ['Ardzaganq' newspaper], 1895-1897"" (EAP180-3-10)","""Արձագանք [Ardzaganq], Issue 63 , 1895""",https://eap.bl.uk/archive-file/EAP180-3-10-61,EAP180/3/10/61,1895,63,
"Archival records from ""Արձագանք ['Ardzaganq' newspaper], 1895-1897"" (EAP180-3-10)","""Արձագանք [Ardzaganq], Issue 64 , 1895""",https://eap.bl.uk/archive-file/EAP180-3-10-62,EAP180/3/10/62,1895,64,
"Archival records from ""Արձագանք ['Ardzaganq' newspaper], 1895-1897"" (EAP180-3-10)","""Արձագանք [Ardzaganq], Issue 65, 1895""",https://eap.bl.uk/archive-file/EAP180-3-10-63,EAP180/3/10/63,1895,65,
"Archival records from ""Արձագանք ['Ardzaganq' newspaper], 1895-1897"" (EAP180-3-10)","""Արձագանք [Ardzaganq], Issue 66, 1895""",https://eap.bl.uk/archive-file/EAP180-3-10-64,EAP180/3/10/64,1895,66,
"Archival records from ""Արձագանք ['Ardzaganq' newspaper], 1895-1897"" (EAP180-3-10)","""Արձագանք [Ardzaganq], Issue 67, 1895""",https://eap.bl.uk/archive-file/EAP180-3-10-65,EAP180/3/10/65,1895,67,
"Archival records from ""Արձագանք ['Ardzaganq' newspaper], 1895-1897"" (EAP180-3-10)","""Արձագանք [Ardzaganq], Issue 68, 1895""",https://eap.bl.uk/archive-file/EAP180-3-10-66,EAP180/3/10/66,1895,68,
"Archival records from ""Արձագանք ['Ardzaganq' newspaper], 1895-1897"" (EAP180-3-10)","""Արձագանք [Ardzaganq], Issue 69, 1895""",https://eap.bl.uk/archive-file/EAP180-3-10-67,EAP180/3/10/67,1895,69,
"Archival records from ""Արձագանք ['Ardzaganq' newspaper], 1895-1897"" (EAP180-3-10)","""Արձագանք [Ardzaganq], Issue 70, 1895""",https://eap.bl.uk/archive-file/EAP180-3-10-68,EAP180/3/10/68,1895,70,
"Archival records from ""Արձագանք ['Ardzaganq' newspaper], 1895-1897"" (EAP180-3-10)","""Արձագանք [Ardzaganq], Issue 71, 1895""",https://eap.bl.uk/archive-file/EAP180-3-10-69,EAP180/3/10/69,1895,71,
"Archival records from ""Արձագանք ['Ardzaganq' newspaper], 1895-1897"" (EAP180-3-10)","""Արձագանք [Ardzaganq], Issue 72, 1895""",https://eap.bl.uk/archive-file/EAP180-3-10-70,EAP180/3/10/70,1895,72,
"Archival records from ""Արձագանք ['Ardzaganq' newspaper], 1895-1897"" (EAP180-3-10)","""Արձագանք [Ardzaganq], Issue 73, 1895""",https://eap.bl.uk/archive-file/EAP180-3-10-71,EAP180/3/10/71,1895,73,
"Archival records from ""Արձագանք ['Ardzaganq' newspaper], 1895-1897"" (EAP180-3-10)","""Արձագանք [Ardzaganq], Issue 75, 1895""",https://eap.bl.uk/archive-file/EAP180-3-10-72,EAP180/3/10/72,1895,75,
"Archival records from ""Արձագանք ['Ardzaganq' newspaper], 1895-1897"" (EAP180-3-10)","""Արձագանք [Ardzaganq], Issue 76, 1895""",https://eap.bl.uk/archive-file/EAP180-3-10-73,EAP180/3/10/73,1895,76,
"Archival records from ""Արձագանք ['Ardzaganq' newspaper], 1895-1897"" (EAP180-3-10)","""Արձագանք [Ardzaganq], Issue 77, 1895""",https://eap.bl.uk/archive-file/EAP180-3-10-74,EAP180/3/10/74,1895,77,
"Archival records from ""Արձագանք ['Ardzaganq' newspaper], 1895-1897"" (EAP180-3-10)","""Արձագանք [Ardzaganq], Issue 78, 1895""",https://eap.bl.uk/archive-file/EAP180-3-10-75,EAP180/3/10/75,1895,78,
"Archival records from ""Արձագանք ['Ardzaganq' newspaper], 1895-1897"" (EAP180-3-10)","""Արձագանք [Ardzaganq], Issue 79, 1895""",https://eap.bl.uk/archive-file/EAP180-3-10-76,EAP180/3/10/76,1895,79,
"Archival records from ""Արձագանք ['Ardzaganq' newspaper], 1895-1897"" (EAP180-3-10)","""Արձագանք [Ardzaganq], Issue 80, 1895""",https://eap.bl.uk/archive-file/EAP180-3-10-77,EAP180/3/10/77,1895,80,
"Archival records from ""Արձագանք ['Ardzaganq' newspaper], 1895-1897"" (EAP180-3-10)","""Արձագանք [Ardzaganq], Issue 81, 1895""",https://eap.bl.uk/archive-file/EAP180-3-10-78,EAP180/3/10/78,1895,81,
"Archival records from ""Արձագանք ['Ardzaganq' newspaper], 1895-1897"" (EAP180-3-10)","""Արձագանք [Ardzaganq], Issue 82, 1895""",https://eap.bl.uk/archive-file/EAP180-3-10-79,EAP180/3/10/79,1895,82,
"Archival records from ""Արձագանք ['Ardzaganq' newspaper], 1895-1897"" (EAP180-3-10)","""Արձագանք [Ardzaganq], Issue 83, 1895""",https://eap.bl.uk/archive-file/EAP180-3-10-80,EAP180/3/10/80,1895,83,
"Archival records from ""Արձագանք ['Ardzaganq' newspaper], 1895-1897"" (EAP180-3-10)","""Արձագանք [Ardzaganq], Issue 84, 1895""",https://eap.bl.uk/archive-file/EAP180-3-10-81,EAP180/3/10/81,1895,84,
"Archival records from ""Արձագանք ['Ardzaganq' newspaper], 1895-1897"" (EAP180-3-10)","""Արձագանք [Ardzaganq], Issue 85, 1895""",https://eap.bl.uk/archive-file/EAP180-3-10-82,EAP180/3/10/82,1895,85,
"Archival records from ""Արձագանք ['Ardzaganq' newspaper], 1895-1897"" (EAP180-3-10)","""Արձագանք [Ardzaganq], Issue 86, 1895""",https://eap.bl.uk/archive-file/EAP180-3-10-83,EAP180/3/10/83,1895,86,
"Archival records from ""Արձագանք ['Ardzaganq' newspaper], 1895-1897"" (EAP180-3-10)","""Արձագանք [Ardzaganq], Issue 87, 1895""",https://eap.bl.uk/archive-file/EAP180-3-10-84,EAP180/3/10/84,1895,87,
"Archival records from ""Արձագանք ['Ardzaganq' newspaper], 1895-1897"" (EAP180-3-10)","""Արձագանք [Ardzaganq], Issue 88, 1895""",https://eap.bl.uk/archive-file/EAP180-3-10-85,EAP180/3/10/85,1895,88,
"Archival records from ""Արձագանք ['Ardzaganq' newspaper], 1895-1897"" (EAP180-3-10)","""Արձագանք [Ardzaganq], Issue 89, 1895""",https://eap.bl.uk/archive-file/EAP180-3-10-86,EAP180/3/10/86,1895,89,
"Archival records from ""Արձագանք ['Ardzaganq' newspaper], 1895-1897"" (EAP180-3-10)","""Արձագանք [Ardzaganq], Issue 90, 1895""",https://eap.bl.uk/archive-file/EAP180-3-10-87,EAP180/3/10/87,1895,90,
"Archival records from ""Արձագանք ['Ardzaganq' newspaper], 1895-1897"" (EAP180-3-10)","""Արձագանք [Ardzaganq], Issue 91, 1895""",https://eap.bl.uk/archive-file/EAP180-3-10-88,EAP180/3/10/88,1895,91,
"Archival records from ""Արձագանք ['Ardzaganq' newspaper], 1895-1897"" (EAP180-3-10)","""Արձագանք [Ardzaganq], Issue 92, 1895""",https://eap.bl.uk/archive-file/EAP180-3-10-89,EAP180/3/10/89,1895,92,
"Archival records from ""Արձագանք ['Ardzaganq' newspaper], 1895-1897"" (EAP180-3-10)","""Արձագանք [Ardzaganq], Issue 93, 1895""",https://eap.bl.uk/archive-file/EAP180-3-10-90,EAP180/3/10/90,1895,93,
"Archival records from ""Արձագանք ['Ardzaganq' newspaper], 1895-1897"" (EAP180-3-10)","""Արձագանք [Ardzaganq], Issue 94, 1895""",https://eap.bl.uk/archive-file/EAP180-3-10-91,EAP180/3/10/91,1895,94,
"Archival records from ""Արձագանք ['Ardzaganq' newspaper], 1895-1897"" (EAP180-3-10)","""Արձագանք [Ardzaganq], Issue 95, 1895""",https://eap.bl.uk/archive-file/EAP180-3-10-92,EAP180/3/10/92,1895,95,
"Archival records from ""Արձագանք ['Ardzaganq' newspaper], 1895-1897"" (EAP180-3-10)","""Արձագանք [Ardzaganq], Issue 96, 1895""",https://eap.bl.uk/archive-file/EAP180-3-10-93,EAP180/3/10/93,1895,96,
"Archival records from ""Արձագանք ['Ardzaganq' newspaper], 1895-1897"" (EAP180-3-10)","""Արձագանք [Ardzaganq], Issue 97, 1895""",https://eap.bl.uk/archive-file/EAP180-3-10-94,EAP180/3/10/94,1895,97,
"Archival records from ""Արձագանք ['Ardzaganq' newspaper], 1895-1897"" (EAP180-3-10)","""Արձագանք [Ardzaganq], Issue 98, 1895""",https://eap.bl.uk/archive-file/EAP180-3-10-95,EAP180/3/10/95,1895,98,
"Archival records from ""Արձագանք ['Ardzaganq' newspaper], 1895-1897"" (EAP180-3-10)","""Արձագանք [Ardzaganq], Issue 99, 1895""",https://eap.bl.uk/archive-file/EAP180-3-10-96,EAP180/3/10/96,1895,99,
"Archival records from ""Արձագանք ['Ardzaganq' newspaper], 1895-1897"" (EAP180-3-10)","""Արձագանք [Ardzaganq], Issue 100, 1895""",https://eap.bl.uk/archive-file/EAP180-3-10-97,EAP180/3/10/97,1895,100,
"Archival records from ""Արձագանք ['Ardzaganq' newspaper], 1895-1897"" (EAP180-3-10)","""Արձագանք [Ardzaganq], Issue 101, 1895""",https://eap.bl.uk/archive-file/EAP180-3-10-98,EAP180/3/10/98,1895,101,
"Archival records from ""Արձագանք ['Ardzaganq' newspaper], 1895-1897"" (EAP180-3-10)","""Արձագանք [Ardzaganq], Issue 102, 1895""",https://eap.bl.uk/archive-file/EAP180-3-10-99,EAP180/3/10/99,1895,102,
"Archival records from ""Արձագանք ['Ardzaganq' newspaper], 1895-1897"" (EAP180-3-10)","""Արձագանք [Ardzaganq], Issue 103, 1895""",https://eap.bl.uk/archive-file/EAP180-3-10-100,EAP180/3/10/100,1895,103,
"Archival records from ""Արձագանք ['Ardzaganq' newspaper], 1895-1897"" (EAP180-3-10)","""Արձագանք [Ardzaganq], Issue 104, 1895""",https://eap.bl.uk/archive-file/EAP180-3-10-101,EAP180/3/10/101,1895,104,
"Archival records from ""Արձագանք ['Ardzaganq' newspaper], 1895-1897"" (EAP180-3-10)","""Արձագանք [Ardzaganq], Issue 105, 1895""",https://eap.bl.uk/archive-file/EAP180-3-10-102,EAP180/3/10/102,1895,105,
"Archival records from ""Արձագանք ['Ardzaganq' newspaper], 1895-1897"" (EAP180-3-10)","""Արձագանք [Ardzaganq], Issue 106, 1895""",https://eap.bl.uk/archive-file/EAP180-3-10-103,EAP180/3/10/103,1895,106,
"Archival records from ""Արձագանք ['Ardzaganq' newspaper], 1895-1897"" (EAP180-3-10)","""Արձագանք [Ardzaganq], Issue 107, pages 1-2, 1895""",https://eap.bl.uk/archive-file/EAP180-3-10-104,EAP180/3/10/104,1895,107,1-2
"Archival records from ""Արձագանք ['Ardzaganq' newspaper], 1895-1897"" (EAP180-3-10)","""Արձագանք [Ardzaganq], Issue 108, 1895""",https://eap.bl.uk/archive-file/EAP180-3-10-105,EAP180/3/10/105,1895,108,
"Archival records from ""Արձագանք ['Ardzaganq' newspaper], 1895-1897"" (EAP180-3-10)","""Արձագանք [Ardzaganq], Issue 109, 1895""",https://eap.bl.uk/archive-file/EAP180-3-10-106,EAP180/3/10/106,1895,109,
"Archival records from ""Արձագանք ['Ardzaganq' newspaper], 1895-1897"" (EAP180-3-10)","""Արձագանք [Ardzaganq], Issue 110, 1895""",https://eap.bl.uk/archive-file/EAP180-3-10-107,EAP180/3/10/107,1895,110,
"Archival records from ""Արձագանք ['Ardzaganq' newspaper], 1895-1897"" (EAP180-3-10)","""Արձագանք [Ardzaganq], Issue 111, 1895""",https://eap.bl.uk/archive-file/EAP180-3-10-108,EAP180/3/10/108,1895,111,
"Archival records from ""Արձագանք ['Ardzaganq' newspaper], 1895-1897"" (EAP180-3-10)","""Արձագանք [Ardzaganq], Issue 112, 1895""",https://eap.bl.uk/archive-file/EAP180-3-10-109,EAP180/3/10/109,1895,112,
"Archival records from ""Արձագանք ['Ardzaganq' newspaper], 1895-1897"" (EAP180-3-10)","""Արձագանք [Ardzaganq], Issue 113, 1895""",https://eap.bl.uk/archive-file/EAP180-3-10-110,EAP180/3/10/110,1895,113,
"Archival records from ""Արձագանք ['Ardzaganq' newspaper], 1895-1897"" (EAP180-3-10)","""Արձագանք [Ardzaganq], Issue 114, 1895""",https://eap.bl.uk/archive-file/EAP180-3-10-111,EAP180/3/10/111,1895,114,
"Archival records from ""Արձագանք ['Ardzaganq' newspaper], 1895-1897"" (EAP180-3-10)","""Արձագանք [Ardzaganq], Issue 115, 1895""",https://eap.bl.uk/archive-file/EAP180-3-10-112,EAP180/3/10/112,1895,115,
"Archival records from ""Արձագանք ['Ardzaganq' newspaper], 1895-1897"" (EAP180-3-10)","""Արձագանք [Ardzaganq], Issue 116, 1895""",https://eap.bl.uk/archive-file/EAP180-3-10-113,EAP180/3/10/113,1895,116,
"Archival records from ""Արձագանք ['Ardzaganq' newspaper], 1895-1897"" (EAP180-3-10)","""Արձագանք [Ardzaganq], Issue 117, 1895""",https://eap.bl.uk/archive-file/EAP180-3-10-114,EAP180/3/10/114,1895,117,
"Archival records from ""Արձագանք ['Ardzaganq' newspaper], 1895-1897"" (EAP180-3-10)","""Արձագանք [Ardzaganq], Issue 118, 1895""",https://eap.bl.uk/archive-file/EAP180-3-10-115,EAP180/3/10/115,1895,118,
"Archival records from ""Արձագանք ['Ardzaganq' newspaper], 1895-1897"" (EAP180-3-10)","""Արձագանք [Ardzaganq], Issue 119, 1895""",https://eap.bl.uk/archive-file/EAP180-3-10-116,EAP180/3/10/116,1895,119,
"Archival records from ""Արձագանք ['Ardzaganq' newspaper], 1895-1897"" (EAP180-3-10)","""Արձագանք [Ardzaganq], Issue 120, 1895""",https://eap.bl.uk/archive-file/EAP180-3-10-117,EAP180/3/10/117,1895,120,
"Archival records from ""Արձագանք ['Ardzaganq' newspaper], 1895-1897"" (EAP180-3-10)","""Արձագանք [Ardzaganq], Issue 121, 1895""",https://eap.bl.uk/archive-file/EAP180-3-10-118,EAP180/3/10/118,1895,121,
"Archival records from ""Արձագանք ['Ardzaganq' newspaper], 1895-1897"" (EAP180-3-10)","""Արձագանք [Ardzaganq], Issue 122, 1895""",https://eap.bl.uk/archive-file/EAP180-3-10-119,EAP180/3/10/119,1895,122,
"Archival records from ""Արձագանք ['Ardzaganq' newspaper], 1895-1897"" (EAP180-3-10)","""Արձագանք [Ardzaganq], Issue 123, 1895""",https://eap.bl.uk/archive-file/EAP180-3-10-120,EAP180/3/10/120,1895,123,
"Archival records from ""Արձագանք ['Ardzaganq' newspaper], 1895-1897"" (EAP180-3-10)","""Արձագանք [Ardzaganq], Issue 124, 1895""",https://eap.bl.uk/archive-file/EAP180-3-10-121,EAP180/3/10/121,1895,124,
"Archival records from ""Արձագանք ['Ardzaganq' newspaper], 1895-1897"" (EAP180-3-10)","""Արձագանք [Ardzaganq], Issue 125, 1895""",https://eap.bl.uk/archive-file/EAP180-3-10-122,EAP180/3/10/122,1895,125,
"Archival records from ""Արձագանք ['Ardzaganq' newspaper], 1895-1897"" (EAP180-3-10)","""Արձագանք [Ardzaganq], Issue 126, 1895""",https://eap.bl.uk/archive-file/EAP180-3-10-123,EAP180/3/10/123,1895,126,
"Archival records from ""Արձագանք ['Ardzaganq' newspaper], 1895-1897"" (EAP180-3-10)","""Արձագանք [Ardzaganq], Issue 127, 1895""",https://eap.bl.uk/archive-file/EAP180-3-10-124,EAP180/3/10/124,1895,127,
"Archival records from ""Արձագանք ['Ardzaganq' newspaper], 1895-1897"" (EAP180-3-10)","""Արձագանք [Ardzaganq], Issue 128, 1895""",https://eap.bl.uk/archive-file/EAP180-3-10-125,EAP180/3/10/125,1895,128,
"Archival records from ""Արձագանք ['Ardzaganq' newspaper], 1895-1897"" (EAP180-3-10)","""Արձագանք [Ardzaganq], Issue 129, 1895""",https://eap.bl.uk/archive-file/EAP180-3-10-126,EAP180/3/10/126,1895,129,
"Archival records from ""Արձագանք ['Ardzaganq' newspaper], 1895-1897"" (EAP180-3-10)","""Արձագանք [Ardzaganq], Issue 130, 1895""",https://eap.bl.uk/archive-file/EAP180-3-10-127,EAP180/3/10/127,1895,130,
"Archival records from ""Արձագանք ['Ardzaganq' newspaper], 1895-1897"" (EAP180-3-10)","""Արձագանք [Ardzaganq], Issue 131, 1895""",https://eap.bl.uk/archive-file/EAP180-3-10-128,EAP180/3/10/128,1895,131,
"Archival records from ""Արձագանք ['Ardzaganq' newspaper], 1895-1897"" (EAP180-3-10)","""Արձագանք [Ardzaganq], Issue 132, 1895""",https://eap.bl.uk/archive-file/EAP180-3-10-129,EAP180/3/10/129,1895,132,
"Archival records from ""Արձագանք ['Ardzaganq' newspaper], 1895-1897"" (EAP180-3-10)","""Արձագանք [Ardzaganq], Issue 133, 1895""",https://eap.bl.uk/archive-file/EAP180-3-10-130,EAP180/3/10/130,1895,133,
"Archival records from ""Արձագանք ['Ardzaganq' newspaper], 1895-1897"" (EAP180-3-10)","""Արձագանք [Ardzaganq], Issue 134, 1895""",https://eap.bl.uk/archive-file/EAP180-3-10-131,EAP180/3/10/131,1895,134,
"Archival records from ""Արձագանք ['Ardzaganq' newspaper], 1895-1897"" (EAP180-3-10)","""Արձագանք [Ardzaganq], Issue 135, 1895""",https://eap.bl.uk/archive-file/EAP180-3-10-132,EAP180/3/10/132,1895,135,
"Archival records from ""Արձագանք ['Ardzaganq' newspaper], 1895-1897"" (EAP180-3-10)","""Արձագանք [Ardzaganq], Issue 136, 1895""",https://eap.bl.uk/archive-file/EAP180-3-10-133,EAP180/3/10/133,1895,136,
"Archival records from ""Արձագանք ['Ardzaganq' newspaper], 1895-1897"" (EAP180-3-10)","""Արձագանք [Ardzaganq], Issue 137, 1895""",https://eap.bl.uk/archive-file/EAP180-3-10-134,EAP180/3/10/134,1895,137,
"Archival records from ""Արձագանք ['Ardzaganq' newspaper], 1895-1897"" (EAP180-3-10)","""Արձագանք [Ardzaganq], Issue 138, 1895""",https://eap.bl.uk/archive-file/EAP180-3-10-135,EAP180/3/10/135,1895,138,
"Archival records from ""Արձագանք ['Ardzaganq' newspaper], 1895-1897"" (EAP180-3-10)","""Արձագանք [Ardzaganq], Issue 139, 1895""",https://eap.bl.uk/archive-file/EAP180-3-10-136,EAP180/3/10/136,1895,139,
"Archival records from ""Արձագանք ['Ardzaganq' newspaper], 1895-1897"" (EAP180-3-10)","""Արձագանք [Ardzaganq], Issue 140, 1895""",https://eap.bl.uk/archive-file/EAP180-3-10-137,EAP180/3/10/137,1895,140,
"Archival records from ""Արձագանք ['Ardzaganq' newspaper], 1895-1897"" (EAP180-3-10)","""Արձագանք [Ardzaganq], Issue 141, 1895""",https://eap.bl.uk/archive-file/EAP180-3-10-138,EAP180/3/10/138,1895,141,
"Archival records from ""Արձագանք ['Ardzaganq' newspaper], 1895-1897"" (EAP180-3-10)","""Արձագանք [Ardzaganq], Issue 141, 1895""",https://eap.bl.uk/archive-file/EAP180-3-10-139,EAP180/3/10/139,1895,141,
"Archival records from ""Արձագանք ['Ardzaganq' newspaper], 1895-1897"" (EAP180-3-10)","""Արձագանք [Ardzaganq], Issue 142, 1895""",https://eap.bl.uk/archive-file/EAP180-3-10-140,EAP180/3/10/140,1895,142,
"Archival records from ""Արձագանք ['Ardzaganq' newspaper], 1895-1897"" (EAP180-3-10)","""Արձագանք [Ardzaganq], Issue 144, 1895""",https://eap.bl.uk/archive-file/EAP180-3-10-141,EAP180/3/10/141,1895,144,
"Archival records from ""Արձագանք ['Ardzaganq' newspaper], 1895-1897"" (EAP180-3-10)","""Արձագանք [Ardzaganq], Issue 145, 1895""",https://eap.bl.uk/archive-file/EAP180-3-10-142,EAP180/3/10/142,1895,145,
"Archival records from ""Արձագանք ['Ardzaganq' newspaper], 1895-1897"" (EAP180-3-10)","""Արձագանք [Ardzaganq], Issue 146, 1895""",https://eap.bl.uk/archive-file/EAP180-3-10-143,EAP180/3/10/143,1895,146,
"Archival records from ""Արձագանք ['Ardzaganq' newspaper], 1895-1897"" (EAP180-3-10)","""Արձագանք [Ardzaganq], Issue 147, 1895""",https://eap.bl.uk/archive-file/EAP180-3-10-144,EAP180/3/10/144,1895,147,
"Archival records from ""Արձագանք ['Ardzaganq' newspaper], 1895-1897"" (EAP180-3-10)","""Արձագանք [Ardzaganq], Issue 148, 1895""",https://eap.bl.uk/archive-file/EAP180-3-10-145,EAP180/3/10/145,1895,148,
"Archival records from ""Արձագանք ['Ardzaganq' newspaper], 1895-1897"" (EAP180-3-10)","""Արձագանք [Ardzaganq], Issue 149, 1895""",https://eap.bl.uk/archive-file/EAP180-3-10-146,EAP180/3/10/146,1895,149,
"Archival records from ""Արձագանք ['Ardzaganq' newspaper], 1895-1897"" (EAP180-3-10)","""Արձագանք [Ardzaganq], Issue 150, 1895""",https://eap.bl.uk/archive-file/EAP180-3-10-147,EAP180/3/10/147,1895,150,
"Archival records from ""Արձագանք ['Ardzaganq' newspaper], 1895-1897"" (EAP180-3-10)","""Արձագանք [Ardzaganq], Issue 151, 1895""",https://eap.bl.uk/archive-file/EAP180-3-10-148,EAP180/3/10/148,1895,151,
"Archival records from ""Արձագանք ['Ardzaganq' newspaper], 1895-1897"" (EAP180-3-10)","""Արձագանք [Ardzaganq], Issue 1, 1896""",https://eap.bl.uk/archive-file/EAP180-3-10-149,EAP180/3/10/149,1896,1,
"Archival records from ""Արձագանք ['Ardzaganq' newspaper], 1895-1897"" (EAP180-3-10)","""Արձագանք [Ardzaganq], Issue 2, 1896""",https://eap.bl.uk/archive-file/EAP180-3-10-150,EAP180/3/10/150,1896,2,
"Archival records from ""Արձագանք ['Ardzaganq' newspaper], 1895-1897"" (EAP180-3-10)","""Արձագանք [Ardzaganq], Issue 3, 1896""",https://eap.bl.uk/archive-file/EAP180-3-10-151,EAP180/3/10/151,1896,3,
"Archival records from ""Արձագանք ['Ardzaganq' newspaper], 1895-1897"" (EAP180-3-10)","""Արձագանք [Ardzaganq], Issue 4, 1896""",https://eap.bl.uk/archive-file/EAP180-3-10-152,EAP180/3/10/152,1896,4,
"Archival records from ""Արձագանք ['Ardzaganq' newspaper], 1895-1897"" (EAP180-3-10)","""Արձագանք [Ardzaganq], Issue 5, 1896""",https://eap.bl.uk/archive-file/EAP180-3-10-153,EAP180/3/10/153,1896,5,
"Archival records from ""Արձագանք ['Ardzaganq' newspaper], 1895-1897"" (EAP180-3-10)","""Արձագանք [Ardzaganq], Issue 6, 1896""",https://eap.bl.uk/archive-file/EAP180-3-10-154,EAP180/3/10/154,1896,6,
"Archival records from ""Արձագանք ['Ardzaganq' newspaper], 1895-1897"" (EAP180-3-10)","""Արձագանք [Ardzaganq], Issue 7, 1896""",https://eap.bl.uk/archive-file/EAP180-3-10-155,EAP180/3/10/155,1896,7,
"Archival records from ""Արձագանք ['Ardzaganq' newspaper], 1895-1897"" (EAP180-3-10)","""Արձագանք [Ardzaganq], Issue 8, 1896""",https://eap.bl.uk/archive-file/EAP180-3-10-156,EAP180/3/10/156,1896,8,
"Archival records from ""Արձագանք ['Ardzaganq' newspaper], 1895-1897"" (EAP180-3-10)","""Արձագանք [Ardzaganq], Issue 9, 1896""",https://eap.bl.uk/archive-file/EAP180-3-10-157,EAP180/3/10/157,1896,9,
"Archival records from ""Արձագանք ['Ardzaganq' newspaper], 1895-1897"" (EAP180-3-10)","""Արձագանք [Ardzaganq], Issue 10, 1896""",https://eap.bl.uk/archive-file/EAP180-3-10-158,EAP180/3/10/158,1896,10,
"Archival records from ""Արձագանք ['Ardzaganq' newspaper], 1895-1897"" (EAP180-3-10)","""Արձագանք [Ardzaganq], Issue 11, 1896""",https://eap.bl.uk/archive-file/EAP180-3-10-159,EAP180/3/10/159,1896,11,
"Archival records from ""Արձագանք ['Ardzaganq' newspaper], 1895-1897"" (EAP180-3-10)","""Արձագանք [Ardzaganq], Issue 12, 1896""",https://eap.bl.uk/archive-file/EAP180-3-10-160,EAP180/3/10/160,1896,12,
"Archival records from ""Արձագանք ['Ardzaganq' newspaper], 1895-1897"" (EAP180-3-10)","""Արձագանք [Ardzaganq], Issue 13, 1896""",https://eap.bl.uk/archive-file/EAP180-3-10-161,EAP180/3/10/161,1896,13,
"Archival records from ""Արձագանք ['Ardzaganq' newspaper], 1895-1897"" (EAP180-3-10)","""Արձագանք [Ardzaganq], Issue 14, 1896""",https://eap.bl.uk/archive-file/EAP180-3-10-162,EAP180/3/10/162,1896,14,
"Archival records from ""Արձագանք ['Ardzaganq' newspaper], 1895-1897"" (EAP180-3-10)","""Արձագանք [Ardzaganq], Issue 15, 1896""",https://eap.bl.uk/archive-file/EAP180-3-10-163,EAP180/3/10/163,1896,15,
"Archival records from ""Արձագանք ['Ardzaganq' newspaper], 1895-1897"" (EAP180-3-10)","""Արձագանք [Ardzaganq], Issue 16, 1896""",https://eap.bl.uk/archive-file/EAP180-3-10-164,EAP180/3/10/164,1896,16,
"Archival records from ""Արձագանք ['Ardzaganq' newspaper], 1895-1897"" (EAP180-3-10)","""Արձագանք [Ardzaganq], Issue 17, 1896""",https://eap.bl.uk/archive-file/EAP180-3-10-165,EAP180/3/10/165,1896,17,
"Archival records from ""Արձագանք ['Ardzaganq' newspaper], 1895-1897"" (EAP180-3-10)","""Արձագանք [Ardzaganq], Issue 18, 1896""",https://eap.bl.uk/archive-file/EAP180-3-10-166,EAP180/3/10/166,1896,18,
"Archival records from ""Արձագանք ['Ardzaganq' newspaper], 1895-1897"" (EAP180-3-10)","""Արձագանք [Ardzaganq], Issue 19, 1896""",https://eap.bl.uk/archive-file/EAP180-3-10-167,EAP180/3/10/167,1896,19,
"Archival records from ""Արձագանք ['Ardzaganq' newspaper], 1895-1897"" (EAP180-3-10)","""Արձագանք [Ardzaganq], Issue 20, 1896""",https://eap.bl.uk/archive-file/EAP180-3-10-168,EAP180/3/10/168,1896,20,
"Archival records from ""Արձագանք ['Ardzaganq' newspaper], 1895-1897"" (EAP180-3-10)","""Արձագանք [Ardzaganq], Issue 21, 1896""",https://eap.bl.uk/archive-file/EAP180-3-10-169,EAP180/3/10/169,1896,21,
"Archival records from ""Արձագանք ['Ardzaganq' newspaper], 1895-1897"" (EAP180-3-10)","""Արձագանք [Ardzaganq], Issue 22, 1896""",https://eap.bl.uk/archive-file/EAP180-3-10-170,EAP180/3/10/170,1896,22,
"Archival records from ""Արձագանք ['Ardzaganq' newspaper], 1895-1897"" (EAP180-3-10)","""Արձագանք [Ardzaganq], Issue 23, 1896""",https://eap.bl.uk/archive-file/EAP180-3-10-171,EAP180/3/10/171,1896,23,
"Archival records from ""Արձագանք ['Ardzaganq' newspaper], 1895-1897"" (EAP180-3-10)","""Արձագանք [Ardzaganq], Issue 24, 1896""",https://eap.bl.uk/archive-file/EAP180-3-10-172,EAP180/3/10/172,1896,24,
"Archival records from ""Արձագանք ['Ardzaganq' newspaper], 1895-1897"" (EAP180-3-10)","""Արձագանք [Ardzaganq], Issue 25, 1896""",https://eap.bl.uk/archive-file/EAP180-3-10-173,EAP180/3/10/173,1896,25,
"Archival records from ""Արձագանք ['Ardzaganq' newspaper], 1895-1897"" (EAP180-3-10)","""Արձագանք [Ardzaganq], Issue 26, 1896""",https://eap.bl.uk/archive-file/EAP180-3-10-174,EAP180/3/10/174,1896,26,
"Archival records from ""Արձագանք ['Ardzaganq' newspaper], 1895-1897"" (EAP180-3-10)","""Արձագանք [Ardzaganq], Issue 27, 1896""",https://eap.bl.uk/archive-file/EAP180-3-10-175,EAP180/3/10/175,1896,27,
"Archival records from ""Արձագանք ['Ardzaganq' newspaper], 1895-1897"" (EAP180-3-10)","""Արձագանք [Ardzaganq], Issue 28, 1896""",https://eap.bl.uk/archive-file/EAP180-3-10-176,EAP180/3/10/176,1896,28,
"Archival records from ""Արձագանք ['Ardzaganq' newspaper], 1895-1897"" (EAP180-3-10)","""Արձագանք [Ardzaganq], Issue 29, 1896""",https://eap.bl.uk/archive-file/EAP180-3-10-177,EAP180/3/10/177,1896,29,
"Archival records from ""Արձագանք ['Ardzaganq' newspaper], 1895-1897"" (EAP180-3-10)","""Արձագանք [Ardzaganq], Issue 30, 1896""",https://eap.bl.uk/archive-file/EAP180-3-10-178,EAP180/3/10/178,1896,30,
"Archival records from ""Արձագանք ['Ardzaganq' newspaper], 1895-1897"" (EAP180-3-10)","""Արձագանք [Ardzaganq], Issue 31, 1896""",https://eap.bl.uk/archive-file/EAP180-3-10-179,EAP180/3/10/179,1896,31,
"Archival records from ""Արձագանք ['Ardzaganq' newspaper], 1895-1897"" (EAP180-3-10)","""Արձագանք [Ardzaganq], Issue 32, 1896""",https://eap.bl.uk/archive-file/EAP180-3-10-180,EAP180/3/10/180,1896,32,
"Archival records from ""Արձագանք ['Ardzaganq' newspaper], 1895-1897"" (EAP180-3-10)","""Արձագանք [Ardzaganq], Issue 33, 1896""",https://eap.bl.uk/archive-file/EAP180-3-10-181,EAP180/3/10/181,1896,33,
"Archival records from ""Արձագանք ['Ardzaganq' newspaper], 1895-1897"" (EAP180-3-10)","""Արձագանք [Ardzaganq], Issue 34, 1896""",https://eap.bl.uk/archive-file/EAP180-3-10-182,EAP180/3/10/182,1896,34,
"Archival records from ""Արձագանք ['Ardzaganq' newspaper], 1895-1897"" (EAP180-3-10)","""Արձագանք [Ardzaganq], Issue 35, pages 1-4, 1896""",https://eap.bl.uk/archive-file/EAP180-3-10-183,EAP180/3/10/183,1896,35,1-4
"Archival records from ""Արձագանք ['Ardzaganq' newspaper], 1895-1897"" (EAP180-3-10)","""Արձագանք [Ardzaganq], Issue 36, 1896""",https://eap.bl.uk/archive-file/EAP180-3-10-184,EAP180/3/10/184,1896,36,
"Archival records from ""Արձագանք ['Ardzaganq' newspaper], 1895-1897"" (EAP180-3-10)","""Արձագանք [Ardzaganq], Issue 37, 1896""",https://eap.bl.uk/archive-file/EAP180-3-10-185,EAP180/3/10/185,1896,37,
"Archival records from ""Արձագանք ['Ardzaganq' newspaper], 1895-1897"" (EAP180-3-10)","""Արձագանք [Ardzaganq], Issue 38, 1896""",https://eap.bl.uk/archive-file/EAP180-3-10-186,EAP180/3/10/186,1896,38,
"Archival records from ""Արձագանք ['Ardzaganq' newspaper], 1895-1897"" (EAP180-3-10)","""Արձագանք [Ardzaganq], Issue 39, 1896""",https://eap.bl.uk/archive-file/EAP180-3-10-187,EAP180/3/10/187,1896,39,
"Archival records from ""Արձագանք ['Ardzaganq' newspaper], 1895-1897"" (EAP180-3-10)","""Արձագանք [Ardzaganq], Issue 40, 1896""",https://eap.bl.uk/archive-file/EAP180-3-10-188,EAP180/3/10/188,1896,40,
"Archival records from ""Արձագանք ['Ardzaganq' newspaper], 1895-1897"" (EAP180-3-10)","""Արձագանք [Ardzaganq], Issue 41, 1896""",https://eap.bl.uk/archive-file/EAP180-3-10-189,EAP180/3/10/189,1896,41,
"Archival records from ""Արձագանք ['Ardzaganq' newspaper], 1895-1897"" (EAP180-3-10)","""Արձագանք [Ardzaganq], Issue 42, 1896""",https://eap.bl.uk/archive-file/EAP180-3-10-190,EAP180/3/10/190,1896,42,
"Archival records from ""Արձագանք ['Ardzaganq' newspaper], 1895-1897"" (EAP180-3-10)","""Արձագանք [Ardzaganq], Issue 43, 1896""",https://eap.bl.uk/archive-file/EAP180-3-10-191,EAP180/3/10/191,1896,43,
"Archival records from ""Արձագանք ['Ardzaganq' newspaper], 1895-1897"" (EAP180-3-10)","""Արձագանք [Ardzaganq], Issue 44, 1896""",https://eap.bl.uk/archive-file/EAP180-3-10-192,EAP180/3/10/192,1896,44,
"Archival records from ""Արձագանք ['Ardzaganq' newspaper], 1895-1897"" (EAP180-3-10)","""Արձագանք [Ardzaganq], Issue 45, 1896""",https://eap.bl.uk/archive-file/EAP180-3-10-193,EAP180/3/10/193,1896,45,
"Archival records from ""Արձագանք ['Ardzaganq' newspaper], 1895-1897"" (EAP180-3-10)","""Արձագանք [Ardzaganq], Issue 46, 1896""",https://eap.bl.uk/archive-file/EAP180-3-10-194,EAP180/3/10/194,1896,46,
"Archival records from ""Արձագանք ['Ardzaganq' newspaper], 1895-1897"" (EAP180-3-10)","""Արձագանք [Ardzaganq], Issue 47, 1896""",https://eap.bl.uk/archive-file/EAP180-3-10-195,EAP180/3/10/195,1896,47,
"Archival records from ""Արձագանք ['Ardzaganq' newspaper], 1895-1897"" (EAP180-3-10)","""Արձագանք [Ardzaganq], Issue 48, 1896""",https://eap.bl.uk/archive-file/EAP180-3-10-196,EAP180/3/10/196,1896,48,
"Archival records from ""Արձագանք ['Ardzaganq' newspaper], 1895-1897"" (EAP180-3-10)","""Արձագանք [Ardzaganq], Issue 49, 1896""",https://eap.bl.uk/archive-file/EAP180-3-10-197,EAP180/3/10/197,1896,49,
"Archival records from ""Արձագանք ['Ardzaganq' newspaper], 1895-1897"" (EAP180-3-10)","""Արձագանք [Ardzaganq], Issue 50, 1896""",https://eap.bl.uk/archive-file/EAP180-3-10-198,EAP180/3/10/198,1896,50,
"Archival records from ""Արձագանք ['Ardzaganq' newspaper], 1895-1897"" (EAP180-3-10)","""Արձագանք [Ardzaganq], Issue 51, 1896""",https://eap.bl.uk/archive-file/EAP180-3-10-199,EAP180/3/10/199,1896,51,
"Archival records from ""Արձագանք ['Ardzaganq' newspaper], 1895-1897"" (EAP180-3-10)","""Արձագանք [Ardzaganq], Issue 52, 1896""",https://eap.bl.uk/archive-file/EAP180-3-10-200,EAP180/3/10/200,1896,52,
"Archival records from ""Արձագանք ['Ardzaganq' newspaper], 1895-1897"" (EAP180-3-10)","""Արձագանք [Ardzaganq], Issue 53, 1896""",https://eap.bl.uk/archive-file/EAP180-3-10-201,EAP180/3/10/201,1896,53,
"Archival records from ""Արձագանք ['Ardzaganq' newspaper], 1895-1897"" (EAP180-3-10)","""Արձագանք [Ardzaganq], Issue 54, 1896""",https://eap.bl.uk/archive-file/EAP180-3-10-202,EAP180/3/10/202,1896,54,
"Archival records from ""Արձագանք ['Ardzaganq' newspaper], 1895-1897"" (EAP180-3-10)","""Արձագանք [Ardzaganq], Issue 55, 1896""",https://eap.bl.uk/archive-file/EAP180-3-10-203,EAP180/3/10/203,1896,55,
"Archival records from ""Արձագանք ['Ardzaganq' newspaper], 1895-1897"" (EAP180-3-10)","""Արձագանք [Ardzaganq], Issue 56, 1896""",https://eap.bl.uk/archive-file/EAP180-3-10-204,EAP180/3/10/204,1896,56,
"Archival records from ""Արձագանք ['Ardzaganq' newspaper], 1895-1897"" (EAP180-3-10)","""Արձագանք [Ardzaganq], Issue 57, 1896""",https://eap.bl.uk/archive-file/EAP180-3-10-205,EAP180/3/10/205,1896,57,
"Archival records from ""Արձագանք ['Ardzaganq' newspaper], 1895-1897"" (EAP180-3-10)","""Արձագանք [Ardzaganq], Issue 58, 1896""",https://eap.bl.uk/archive-file/EAP180-3-10-206,EAP180/3/10/206,1896,58,
"Archival records from ""Արձագանք ['Ardzaganq' newspaper], 1895-1897"" (EAP180-3-10)","""Արձագանք [Ardzaganq], Issue 59, 1896""",https://eap.bl.uk/archive-file/EAP180-3-10-207,EAP180/3/10/207,1896,59,
"Archival records from ""Արձագանք ['Ardzaganq' newspaper], 1895-1897"" (EAP180-3-10)","""Արձագանք [Ardzaganq], Issue 60, 1896""",https://eap.bl.uk/archive-file/EAP180-3-10-208,EAP180/3/10/208,1896,60,
"Archival records from ""Արձագանք ['Ardzaganq' newspaper], 1895-1897"" (EAP180-3-10)","""Արձագանք [Ardzaganq], Issue 61, 1896""",https://eap.bl.uk/archive-file/EAP180-3-10-209,EAP180/3/10/209,1896,61,
"Archival records from ""Արձագանք ['Ardzaganq' newspaper], 1895-1897"" (EAP180-3-10)","""Արձագանք [Ardzaganq], Issue 62, 1896""",https://eap.bl.uk/archive-file/EAP180-3-10-210,EAP180/3/10/210,1896,62,
"Archival records from ""Արձագանք ['Ardzaganq' newspaper], 1895-1897"" (EAP180-3-10)","""Արձագանք [Ardzaganq], Issue 63, 1896""",https://eap.bl.uk/archive-file/EAP180-3-10-211,EAP180/3/10/211,1896,63,
"Archival records from ""Արձագանք ['Ardzaganq' newspaper], 1895-1897"" (EAP180-3-10)","""Արձագանք [Ardzaganq], Issue 64, 1896""",https://eap.bl.uk/archive-file/EAP180-3-10-212,EAP180/3/10/212,1896,64,
"Archival records from ""Արձագանք ['Ardzaganq' newspaper], 1895-1897"" (EAP180-3-10)","""Արձագանք [Ardzaganq], Issue 65, 1896""",https://eap.bl.uk/archive-file/EAP180-3-10-213,EAP180/3/10/213,1896,65,
"Archival records from ""Արձագանք ['Ardzaganq' newspaper], 1895-1897"" (EAP180-3-10)","""Արձագանք [Ardzaganq], Issue 66, 1896""",https://eap.bl.uk/archive-file/EAP180-3-10-214,EAP180/3/10/214,1896,66,
"Archival records from ""Արձագանք ['Ardzaganq' newspaper], 1895-1897"" (EAP180-3-10)","""Արձագանք [Ardzaganq], Issue 67, 1896""",https://eap.bl.uk/archive-file/EAP180-3-10-215,EAP180/3/10/215,1896,67,
"Archival records from ""Արձագանք ['Ardzaganq' newspaper], 1895-1897"" (EAP180-3-10)","""Արձագանք [Ardzaganq], Issue 68, 1896""",https://eap.bl.uk/archive-file/EAP180-3-10-216,EAP180/3/10/216,1896,68,
"Archival records from ""Արձագանք ['Ardzaganq' newspaper], 1895-1897"" (EAP180-3-10)","""Արձագանք [Ardzaganq], Issue 69, 1896""",https://eap.bl.uk/archive-file/EAP180-3-10-217,EAP180/3/10/217,1896,69,
"Archival records from ""Արձագանք ['Ardzaganq' newspaper], 1895-1897"" (EAP180-3-10)","""Արձագանք [Ardzaganq], Issue 70, 1896""",https://eap.bl.uk/archive-file/EAP180-3-10-218,EAP180/3/10/218,1896,70,
"Archival records from ""Արձագանք ['Ardzaganq' newspaper], 1895-1897"" (EAP180-3-10)","""Արձագանք [Ardzaganq], Issue 71, 1896""",https://eap.bl.uk/archive-file/EAP180-3-10-219,EAP180/3/10/219,1896,71,
"Archival records from ""Արձագանք ['Ardzaganq' newspaper], 1895-1897"" (EAP180-3-10)","""Արձագանք [Ardzaganq], Issue 71, 1896""",https://eap.bl.uk/archive-file/EAP180-3-10-220,EAP180/3/10/220,1896,71,
"Archival records from ""Արձագանք ['Ardzaganq' newspaper], 1895-1897"" (EAP180-3-10)","""Արձագանք [Ardzaganq], Issue 72, 1896""",https://eap.bl.uk/archive-file/EAP180-3-10-221,EAP180/3/10/221,1896,72,
"Archival records from ""Արձագանք ['Ardzaganq' newspaper], 1895-1897"" (EAP180-3-10)","""Արձագանք [Ardzaganq], Issue 73, 1896""",https://eap.bl.uk/archive-file/EAP180-3-10-222,EAP180/3/10/222,1896,73,
"Archival records from ""Արձագանք ['Ardzaganq' newspaper], 1895-1897"" (EAP180-3-10)","""Արձագանք [Ardzaganq], Issue 74, 1896""",https://eap.bl.uk/archive-file/EAP180-3-10-223,EAP180/3/10/223,1896,74,
"Archival records from ""Արձագանք ['Ardzaganq' newspaper], 1895-1897"" (EAP180-3-10)","""Արձագանք [Ardzaganq], Issue 75, 1896""",https://eap.bl.uk/archive-file/EAP180-3-10-224,EAP180/3/10/224,1896,75,
"Archival records from ""Արձագանք ['Ardzaganq' newspaper], 1895-1897"" (EAP180-3-10)","""Արձագանք [Ardzaganq], Issue 76, 1896""",https://eap.bl.uk/archive-file/EAP180-3-10-225,EAP180/3/10/225,1896,76,
"Archival records from ""Արձագանք ['Ardzaganq' newspaper], 1895-1897"" (EAP180-3-10)","""Արձագանք [Ardzaganq], Issue 77, 1896""",https://eap.bl.uk/archive-file/EAP180-3-10-226,EAP180/3/10/226,1896,77,
"Archival records from ""Արձագանք ['Ardzaganq' newspaper], 1895-1897"" (EAP180-3-10)","""Արձագանք [Ardzaganq], Issue 78, 1896""",https://eap.bl.uk/archive-file/EAP180-3-10-227,EAP180/3/10/227,1896,78,
"Archival records from ""Արձագանք ['Ardzaganq' newspaper], 1895-1897"" (EAP180-3-10)","""Արձագանք [Ardzaganq], Issue 79, 1896""",https://eap.bl.uk/archive-file/EAP180-3-10-228,EAP180/3/10/228,1896,79,
"Archival records from ""Արձագանք ['Ardzaganq' newspaper], 1895-1897"" (EAP180-3-10)","""Արձագանք [Ardzaganq], Issue 80, 1896""",https://eap.bl.uk/archive-file/EAP180-3-10-229,EAP180/3/10/229,1896,80,
"Archival records from ""Արձագանք ['Ardzaganq' newspaper], 1895-1897"" (EAP180-3-10)","""Արձագանք [Ardzaganq], Issue 81, 1896""",https://eap.bl.uk/archive-file/EAP180-3-10-230,EAP180/3/10/230,1896,81,
"Archival records from ""Արձագանք ['Ardzaganq' newspaper], 1895-1897"" (EAP180-3-10)","""Արձագանք [Ardzaganq], Issue 82, 1896""",https://eap.bl.uk/archive-file/EAP180-3-10-231,EAP180/3/10/231,1896,82,
"Archival records from ""Արձագանք ['Ardzaganq' newspaper], 1895-1897"" (EAP180-3-10)","""Արձագանք [Ardzaganq], Issue 83, 1896""",https://eap.bl.uk/archive-file/EAP180-3-10-232,EAP180/3/10/232,1896,83,
"Archival records from ""Արձագանք ['Ardzaganq' newspaper], 1895-1897"" (EAP180-3-10)","""Արձագանք [Ardzaganq], Issue 84, 1896""",https://eap.bl.uk/archive-file/EAP180-3-10-233,EAP180/3/10/233,1896,84,
"Archival records from ""Արձագանք ['Ardzaganq' newspaper], 1895-1897"" (EAP180-3-10)","""Արձագանք [Ardzaganq], Issue 85, 1896""",https://eap.bl.uk/archive-file/EAP180-3-10-234,EAP180/3/10/234,1896,85,
"Archival records from ""Արձագանք ['Ardzaganq' newspaper], 1895-1897"" (EAP180-3-10)","""Արձագանք [Ardzaganq], Issue 86, 1896""",https://eap.bl.uk/archive-file/EAP180-3-10-235,EAP180/3/10/235,1896,86,
"Archival records from ""Արձագանք ['Ardzaganq' newspaper], 1895-1897"" (EAP180-3-10)","""Արձագանք [Ardzaganq], Issue 87, 1896""",https://eap.bl.uk/archive-file/EAP180-3-10-236,EAP180/3/10/236,1896,87,
"Archival records from ""Արձագանք ['Ardzaganq' newspaper], 1895-1897"" (EAP180-3-10)","""Արձագանք [Ardzaganq], Issue 88, 1896""",https://eap.bl.uk/archive-file/EAP180-3-10-237,EAP180/3/10/237,1896,88,
"Archival records from ""Արձագանք ['Ardzaganq' newspaper], 1895-1897"" (EAP180-3-10)","""Արձագանք [Ardzaganq], Issue 89, 1896""",https://eap.bl.uk/archive-file/EAP180-3-10-238,EAP180/3/10/238,1896,89,
"Archival records from ""Արձագանք ['Ardzaganq' newspaper], 1895-1897"" (EAP180-3-10)","""Արձագանք [Ardzaganq], Issue 90, 1896""",https://eap.bl.uk/archive-file/EAP180-3-10-239,EAP180/3/10/239,1896,90,
"Archival records from ""Արձագանք ['Ardzaganq' newspaper], 1895-1897"" (EAP180-3-10)","""Արձագանք [Ardzaganq], Issue 91, 1896""",https://eap.bl.uk/archive-file/EAP180-3-10-240,EAP180/3/10/240,1896,91,
"Archival records from ""Արձագանք ['Ardzaganq' newspaper], 1895-1897"" (EAP180-3-10)","""Արձագանք [Ardzaganq], Issue 92, 1896""",https://eap.bl.uk/archive-file/EAP180-3-10-241,EAP180/3/10/241,1896,92,
"Archival records from ""Արձագանք ['Ardzaganq' newspaper], 1895-1897"" (EAP180-3-10)","""Արձագանք [Ardzaganq], Issue 93, 1896""",https://eap.bl.uk/archive-file/EAP180-3-10-242,EAP180/3/10/242,1896,93,
"Archival records from ""Արձագանք ['Ardzaganq' newspaper], 1895-1897"" (EAP180-3-10)","""Արձագանք [Ardzaganq], Issue 94, 1896""",https://eap.bl.uk/archive-file/EAP180-3-10-243,EAP180/3/10/243,1896,94,
"Archival records from ""Արձագանք ['Ardzaganq' newspaper], 1895-1897"" (EAP180-3-10)","""Արձագանք [Ardzaganq], Issue 95, 1896""",https://eap.bl.uk/archive-file/EAP180-3-10-244,EAP180/3/10/244,1896,95,
"Archival records from ""Արձագանք ['Ardzaganq' newspaper], 1895-1897"" (EAP180-3-10)","""Արձագանք [Ardzaganq], Issue 96, 1896""",https://eap.bl.uk/archive-file/EAP180-3-10-245,EAP180/3/10/245,1896,96,
"Archival records from ""Արձագանք ['Ardzaganq' newspaper], 1895-1897"" (EAP180-3-10)","""Արձագանք [Ardzaganq], Issue 97, 1896""",https://eap.bl.uk/archive-file/EAP180-3-10-246,EAP180/3/10/246,1896,97,
"Archival records from ""Արձագանք ['Ardzaganq' newspaper], 1895-1897"" (EAP180-3-10)","""Արձագանք [Ardzaganq], Issue 98, 1896""",https://eap.bl.uk/archive-file/EAP180-3-10-247,EAP180/3/10/247,1896,98,
"Archival records from ""Արձագանք ['Ardzaganq' newspaper], 1895-1897"" (EAP180-3-10)","""Արձագանք [Ardzaganq], Issue 99, 1896""",https://eap.bl.uk/archive-file/EAP180-3-10-248,EAP180/3/10/248,1896,99,
"Archival records from ""Արձագանք ['Ardzaganq' newspaper], 1895-1897"" (EAP180-3-10)","""Արձագանք [Ardzaganq], Issue 100, 1896""",https://eap.bl.uk/archive-file/EAP180-3-10-249,EAP180/3/10/249,1896,100,
"Archival records from ""Արձագանք ['Ardzaganq' newspaper], 1895-1897"" (EAP180-3-10)","""Արձագանք [Ardzaganq], Issue 101, 1896""",https://eap.bl.uk/archive-file/EAP180-3-10-250,EAP180/3/10/250,1896,101,
"Archival records from ""Արձագանք ['Ardzaganq' newspaper], 1895-1897"" (EAP180-3-10)","""Արձագանք [Ardzaganq], Issue 102, 1896""",https://eap.bl.uk/archive-file/EAP180-3-10-251,EAP180/3/10/251,1896,102,
"Archival records from ""Արձագանք ['Ardzaganq' newspaper], 1895-1897"" (EAP180-3-10)","""Արձագանք [Ardzaganq], Issue 103, 1896""",https://eap.bl.uk/archive-file/EAP180-3-10-252,EAP180/3/10/252,1896,103,
"Archival records from ""Արձագանք ['Ardzaganq' newspaper], 1895-1897"" (EAP180-3-10)","""Արձագանք [Ardzaganq], Issue 104, 1896""",https://eap.bl.uk/archive-file/EAP180-3-10-253,EAP180/3/10/253,1896,104,
"Archival records from ""Արձագանք ['Ardzaganq' newspaper], 1895-1897"" (EAP180-3-10)","""Արձագանք [Ardzaganq], Issue 105, 1896""",https://eap.bl.uk/archive-file/EAP180-3-10-254,EAP180/3/10/254,1896,105,
"Archival records from ""Արձագանք ['Ardzaganq' newspaper], 1895-1897"" (EAP180-3-10)","""Արձագանք [Ardzaganq], Issue 106, 1896""",https://eap.bl.uk/archive-file/EAP180-3-10-255,EAP180/3/10/255,1896,106,
"Archival records from ""Արձագանք ['Ardzaganq' newspaper], 1895-1897"" (EAP180-3-10)","""Արձագանք [Ardzaganq], Issue 107, 1896""",https://eap.bl.uk/archive-file/EAP180-3-10-256,EAP180/3/10/256,1896,107,
"Archival records from ""Արձագանք ['Ardzaganq' newspaper], 1895-1897"" (EAP180-3-10)","""Արձագանք [Ardzaganq], Issue 108, 1896""",https://eap.bl.uk/archive-file/EAP180-3-10-257,EAP180/3/10/257,1896,108,
"Archival records from ""Արձագանք ['Ardzaganq' newspaper], 1895-1897"" (EAP180-3-10)","""Արձագանք [Ardzaganq], Issue 109, 1896""",https://eap.bl.uk/archive-file/EAP180-3-10-258,EAP180/3/10/258,1896,109,
"Archival records from ""Արձագանք ['Ardzaganq' newspaper], 1895-1897"" (EAP180-3-10)","""Արձագանք [Ardzaganq], Issue 110, 1896""",https://eap.bl.uk/archive-file/EAP180-3-10-259,EAP180/3/10/259,1896,110,
"Archival records from ""Արձագանք ['Ardzaganq' newspaper], 1895-1897"" (EAP180-3-10)","""Արձագանք [Ardzaganq], Issue 111, 1896""",https://eap.bl.uk/archive-file/EAP180-3-10-260,EAP180/3/10/260,1896,111,
"Archival records from ""Արձագանք ['Ardzaganq' newspaper], 1895-1897"" (EAP180-3-10)","""Արձագանք [Ardzaganq], Issue 112, 1896""",https://eap.bl.uk/archive-file/EAP180-3-10-261,EAP180/3/10/261,1896,112,
"Archival records from ""Արձագանք ['Ardzaganq' newspaper], 1895-1897"" (EAP180-3-10)","""Արձագանք [Ardzaganq], Issue 113, 1896""",https://eap.bl.uk/archive-file/EAP180-3-10-262,EAP180/3/10/262,1896,113,
"Archival records from ""Արձագանք ['Ardzaganq' newspaper], 1895-1897"" (EAP180-3-10)","""Արձագանք [Ardzaganq], Issue 113, 1896""",https://eap.bl.uk/archive-file/EAP180-3-10-263,EAP180/3/10/263,1896,113,
"Archival records from ""Արձագանք ['Ardzaganq' newspaper], 1895-1897"" (EAP180-3-10)","""Արձագանք [Ardzaganq], Issue 114, 1896""",https://eap.bl.uk/archive-file/EAP180-3-10-264,EAP180/3/10/264,1896,114,
"Archival records from ""Արձագանք ['Ardzaganq' newspaper], 1895-1897"" (EAP180-3-10)","""Արձագանք [Ardzaganq], Issue 115, 1896""",https://eap.bl.uk/archive-file/EAP180-3-10-265,EAP180/3/10/265,1896,115,
"Archival records from ""Արձագանք ['Ardzaganq' newspaper], 1895-1897"" (EAP180-3-10)","""Արձագանք [Ardzaganq], Issue 116, 1896""",https://eap.bl.uk/archive-file/EAP180-3-10-266,EAP180/3/10/266,1896,116,
"Archival records from ""Արձագանք ['Ardzaganq' newspaper], 1895-1897"" (EAP180-3-10)","""Արձագանք [Ardzaganq], Issue 117, 1896""",https://eap.bl.uk/archive-file/EAP180-3-10-267,EAP180/3/10/267,1896,117,
"Archival records from ""Արձագանք ['Ardzaganq' newspaper], 1895-1897"" (EAP180-3-10)","""Արձագանք [Ardzaganq], Issue 118, 1896""",https://eap.bl.uk/archive-file/EAP180-3-10-268,EAP180/3/10/268,1896,118,
"Archival records from ""Արձագանք ['Ardzaganq' newspaper], 1895-1897"" (EAP180-3-10)","""Արձագանք [Ardzaganq], Issue 119, 1896""",https://eap.bl.uk/archive-file/EAP180-3-10-269,EAP180/3/10/269,1896,119,
"Archival records from ""Արձագանք ['Ardzaganq' newspaper], 1895-1897"" (EAP180-3-10)","""Արձագանք [Ardzaganq], Issue 120, 1896""",https://eap.bl.uk/archive-file/EAP180-3-10-270,EAP180/3/10/270,1896,120,
"Archival records from ""Արձագանք ['Ardzaganq' newspaper], 1895-1897"" (EAP180-3-10)","""Արձագանք [Ardzaganq], Issue 121, 1896""",https://eap.bl.uk/archive-file/EAP180-3-10-271,EAP180/3/10/271,1896,121,
"Archival records from ""Արձագանք ['Ardzaganq' newspaper], 1895-1897"" (EAP180-3-10)","""Արձագանք [Ardzaganq], Issue 123, 1896""",https://eap.bl.uk/archive-file/EAP180-3-10-272,EAP180/3/10/272,1896,123,
"Archival records from ""Արձագանք ['Ardzaganq' newspaper], 1895-1897"" (EAP180-3-10)","""Արձագանք [Ardzaganq], Issue 124, 1896""",https://eap.bl.uk/archive-file/EAP180-3-10-273,EAP180/3/10/273,1896,124,
"Archival records from ""Արձագանք ['Ardzaganq' newspaper], 1895-1897"" (EAP180-3-10)","""Արձագանք [Ardzaganq], Issue 125, 1896""",https://eap.bl.uk/archive-file/EAP180-3-10-274,EAP180/3/10/274,1896,125,
"Archival records from ""Արձագանք ['Ardzaganq' newspaper], 1895-1897"" (EAP180-3-10)","""Արձագանք [Ardzaganq], Issue 126, 1896""",https://eap.bl.uk/archive-file/EAP180-3-10-275,EAP180/3/10/275,1896,126,
"Archival records from ""Արձագանք ['Ardzaganq' newspaper], 1895-1897"" (EAP180-3-10)","""Արձագանք [Ardzaganq], Issue 127, 1896""",https://eap.bl.uk/archive-file/EAP180-3-10-276,EAP180/3/10/276,1896,127,
"Archival records from ""Արձագանք ['Ardzaganq' newspaper], 1895-1897"" (EAP180-3-10)","""Արձագանք [Ardzaganq], Issue 128, 1896""",https://eap.bl.uk/archive-file/EAP180-3-10-277,EAP180/3/10/277,1896,128,
"Archival records from ""Արձագանք ['Ardzaganq' newspaper], 1895-1897"" (EAP180-3-10)","""Արձագանք [Ardzaganq], Issue 129, 1896""",https://eap.bl.uk/archive-file/EAP180-3-10-278,EAP180/3/10/278,1896,129,
"Archival records from ""Արձագանք ['Ardzaganq' newspaper], 1895-1897"" (EAP180-3-10)","""Արձագանք [Ardzaganq], Issue 130, 1896""",https://eap.bl.uk/archive-file/EAP180-3-10-279,EAP180/3/10/279,1896,130,
"Archival records from ""Արձագանք ['Ardzaganq' newspaper], 1895-1897"" (EAP180-3-10)","""Արձագանք [Ardzaganq], Issue 131, 1896""",https://eap.bl.uk/archive-file/EAP180-3-10-280,EAP180/3/10/280,1896,131,
"Archival records from ""Արձագանք ['Ardzaganq' newspaper], 1895-1897"" (EAP180-3-10)","""Արձագանք [Ardzaganq], Issue 132, 1896""",https://eap.bl.uk/archive-file/EAP180-3-10-281,EAP180/3/10/281,1896,132,
"Archival records from ""Արձագանք ['Ardzaganq' newspaper], 1895-1897"" (EAP180-3-10)","""Արձագանք [Ardzaganq], Issue 133, 1896""",https://eap.bl.uk/archive-file/EAP180-3-10-282,EAP180/3/10/282,1896,133,
"Archival records from ""Արձագանք ['Ardzaganq' newspaper], 1895-1897"" (EAP180-3-10)","""Արձագանք [Ardzaganq], Issue 134, 1896""",https://eap.bl.uk/archive-file/EAP180-3-10-283,EAP180/3/10/283,1896,134,
"Archival records from ""Արձագանք ['Ardzaganq' newspaper], 1895-1897"" (EAP180-3-10)","""Արձագանք [Ardzaganq], Issue 135, 1896""",https://eap.bl.uk/archive-file/EAP180-3-10-284,EAP180/3/10/284,1896,135,
"Archival records from ""Արձագանք ['Ardzaganq' newspaper], 1895-1897"" (EAP180-3-10)","""Արձագանք [Ardzaganq], Issue 136, 1896""",https://eap.bl.uk/archive-file/EAP180-3-10-285,EAP180/3/10/285,1896,136,
"Archival records from ""Արձագանք ['Ardzaganq' newspaper], 1895-1897"" (EAP180-3-10)","""Արձագանք [Ardzaganq], Issue 137, 1896""",https://eap.bl.uk/archive-file/EAP180-3-10-286,EAP180/3/10/286,1896,137,
"Archival records from ""Արձագանք ['Ardzaganq' newspaper], 1895-1897"" (EAP180-3-10)","""Արձագանք [Ardzaganq], Issue 138, 1896""",https://eap.bl.uk/archive-file/EAP180-3-10-287,EAP180/3/10/287,1896,138,
"Archival records from ""Արձագանք ['Ardzaganq' newspaper], 1895-1897"" (EAP180-3-10)","""Արձագանք [Ardzaganq], Issue 139, 1896""",https://eap.bl.uk/archive-file/EAP180-3-10-288,EAP180/3/10/288,1896,139,
"Archival records from ""Արձագանք ['Ardzaganq' newspaper], 1895-1897"" (EAP180-3-10)","""Արձագանք [Ardzaganq], Issue 140, 1896""",https://eap.bl.uk/archive-file/EAP180-3-10-289,EAP180/3/10/289,1896,140,
"Archival records from ""Արձագանք ['Ardzaganq' newspaper], 1895-1897"" (EAP180-3-10)","""Արձագանք [Ardzaganq], Issue 141, 1896""",https://eap.bl.uk/archive-file/EAP180-3-10-290,EAP180/3/10/290,1896,141,
"Archival records from ""Արձագանք ['Ardzaganq' newspaper], 1895-1897"" (EAP180-3-10)","""Արձագանք [Ardzaganq], Issue 142, 1896""",https://eap.bl.uk/archive-file/EAP180-3-10-291,EAP180/3/10/291,1896,142,
"Archival records from ""Արձագանք ['Ardzaganq' newspaper], 1895-1897"" (EAP180-3-10)","""Արձագանք [Ardzaganq], Issue 143, 1896""",https://eap.bl.uk/archive-file/EAP180-3-10-292,EAP180/3/10/292,1896,143,
"Archival records from ""Արձագանք ['Ardzaganq' newspaper], 1895-1897"" (EAP180-3-10)","""Արձագանք [Ardzaganq], Issue 144, 1896""",https://eap.bl.uk/archive-file/EAP180-3-10-293,EAP180/3/10/293,1896,144,
"Archival records from ""Արձագանք ['Ardzaganq' newspaper], 1895-1897"" (EAP180-3-10)","""Արձագանք [Ardzaganq], Issue 145, 1896""",https://eap.bl.uk/archive-file/EAP180-3-10-294,EAP180/3/10/294,1896,145,
"Archival records from ""Արձագանք ['Ardzaganq' newspaper], 1895-1897"" (EAP180-3-10)","""Արձագանք [Ardzaganq], Issue 146, 1896""",https://eap.bl.uk/archive-file/EAP180-3-10-295,EAP180/3/10/295,1896,146,
"Archival records from ""Արձագանք ['Ardzaganq' newspaper], 1895-1897"" (EAP180-3-10)","""Արձագանք [Ardzaganq], Issue 147, 1896""",https://eap.bl.uk/archive-file/EAP180-3-10-296,EAP180/3/10/296,1896,147,
"Archival records from ""Արձագանք ['Ardzaganq' newspaper], 1895-1897"" (EAP180-3-10)","""Արձագանք [Ardzaganq], Issue 148, 1896""",https://eap.bl.uk/archive-file/EAP180-3-10-297,EAP180/3/10/297,1896,148,
"Archival records from ""Արձագանք ['Ardzaganq' newspaper], 1895-1897"" (EAP180-3-10)","""Արձագանք [Ardzaganq], Issue 149, 1896""",https://eap.bl.uk/archive-file/EAP180-3-10-298,EAP180/3/10/298,1896,149,
"Archival records from ""Արձագանք ['Ardzaganq' newspaper], 1895-1897"" (EAP180-3-10)","""Արձագանք [Ardzaganq], Issue 150, 1896""",https://eap.bl.uk/archive-file/EAP180-3-10-299,EAP180/3/10/299,1896,150,
"Archival records from ""Արձագանք ['Ardzaganq' newspaper], 1895-1897"" (EAP180-3-10)","""Արձագանք [Ardzaganq], Issue 151, 1896""",https://eap.bl.uk/archive-file/EAP180-3-10-300,EAP180/3/10/300,1896,151,
"Archival records from ""Արձագանք ['Ardzaganq' newspaper], 1895-1897"" (EAP180-3-10)","""Արձագանք [Ardzaganq], Issue 152, 1896""",https://eap.bl.uk/archive-file/EAP180-3-10-301,EAP180/3/10/301,1896,152,
"Archival records from ""Արձագանք ['Ardzaganq' newspaper], 1895-1897"" (EAP180-3-10)","""Արձագանք [Ardzaganq], Issue 1, 1897""",https://eap.bl.uk/archive-file/EAP180-3-10-302,EAP180/3/10/302,1897,1,
"Archival records from ""Արձագանք ['Ardzaganq' newspaper], 1895-1897"" (EAP180-3-10)","""Արձագանք [Ardzaganq], Issue 2, 1897""",https://eap.bl.uk/archive-file/EAP180-3-10-303,EAP180/3/10/303,1897,2,
"Archival records from ""Արձագանք ['Ardzaganq' newspaper], 1895-1897"" (EAP180-3-10)","""Արձագանք [Ardzaganq], Issue 3, 1897""",https://eap.bl.uk/archive-file/EAP180-3-10-304,EAP180/3/10/304,1897,3,
"Archival records from ""Արձագանք ['Ardzaganq' newspaper], 1895-1897"" (EAP180-3-10)","""Արձագանք [Ardzaganq], Issue 4, 1897""",https://eap.bl.uk/archive-file/EAP180-3-10-305,EAP180/3/10/305,1897,4,
"Archival records from ""Արձագանք ['Ardzaganq' newspaper], 1895-1897"" (EAP180-3-10)","""Արձագանք [Ardzaganq], Issue 5, 1897""",https://eap.bl.uk/archive-file/EAP180-3-10-306,EAP180/3/10/306,1897,5,
"Archival records from ""Արձագանք ['Ardzaganq' newspaper], 1895-1897"" (EAP180-3-10)","""Արձագանք [Ardzaganq], Issue 6, 1897""",https://eap.bl.uk/archive-file/EAP180-3-10-307,EAP180/3/10/307,1897,6,
"Archival records from ""Արձագանք ['Ardzaganq' newspaper], 1895-1897"" (EAP180-3-10)","""Արձագանք [Ardzaganq], Issue 7, 1897""",https://eap.bl.uk/archive-file/EAP180-3-10-308,EAP180/3/10/308,1897,7,
"Archival records from ""Արձագանք ['Ardzaganq' newspaper], 1895-1897"" (EAP180-3-10)","""Արձագանք [Ardzaganq], Issue 8, 1897""",https://eap.bl.uk/archive-file/EAP180-3-10-309,EAP180/3/10/309,1897,8,
"Archival records from ""Արձագանք ['Ardzaganq' newspaper], 1895-1897"" (EAP180-3-10)","""Արձագանք [Ardzaganq], Issue 9, 1897""",https://eap.bl.uk/archive-file/EAP180-3-10-310,EAP180/3/10/310,1897,9,
"Archival records from ""Արձագանք ['Ardzaganq' newspaper], 1895-1897"" (EAP180-3-10)","""Արձագանք [Ardzaganq], Issue 10, 1897""",https://eap.bl.uk/archive-file/EAP180-3-10-311,EAP180/3/10/311,1897,10,
"Archival records from ""Արձագանք ['Ardzaganq' newspaper], 1895-1897"" (EAP180-3-10)","""Արձագանք [Ardzaganq], Issue 11, 1897""",https://eap.bl.uk/archive-file/EAP180-3-10-312,EAP180/3/10/312,1897,11,
"Archival records from ""Արձագանք ['Ardzaganq' newspaper], 1895-1897"" (EAP180-3-10)","""Արձագանք [Ardzaganq], Issue 12, 1897""",https://eap.bl.uk/archive-file/EAP180-3-10-313,EAP180/3/10/313,1897,12,
"Archival records from ""Արձագանք ['Ardzaganq' newspaper], 1895-1897"" (EAP180-3-10)","""Արձագանք [Ardzaganq], Issue 13, 1897""",https://eap.bl.uk/archive-file/EAP180-3-10-314,EAP180/3/10/314,1897,13,
"Archival records from ""Արձագանք ['Ardzaganq' newspaper], 1895-1897"" (EAP180-3-10)","""Արձագանք [Ardzaganq], Issue 14, 1897""",https://eap.bl.uk/archive-file/EAP180-3-10-315,EAP180/3/10/315,1897,14,
"Archival records from ""Արձագանք ['Ardzaganq' newspaper], 1895-1897"" (EAP180-3-10)","""Արձագանք [Ardzaganq], Issue 15, 1897""",https://eap.bl.uk/archive-file/EAP180-3-10-316,EAP180/3/10/316,1897,15,
"Archival records from ""Արձագանք ['Ardzaganq' newspaper], 1895-1897"" (EAP180-3-10)","""Արձագանք [Ardzaganq], Issue 16, 1897""",https://eap.bl.uk/archive-file/EAP180-3-10-317,EAP180/3/10/317,1897,16,
"Archival records from ""Արձագանք ['Ardzaganq' newspaper], 1895-1897"" (EAP180-3-10)","""Արձագանք [Ardzaganq], Issue 17, 1897""",https://eap.bl.uk/archive-file/EAP180-3-10-318,EAP180/3/10/318,1897,17,
"Archival records from ""Արձագանք ['Ardzaganq' newspaper], 1895-1897"" (EAP180-3-10)","""Արձագանք [Ardzaganq], Issue 18, 1897""",https://eap.bl.uk/archive-file/EAP180-3-10-319,EAP180/3/10/319,1897,18,
"Archival records from ""Արձագանք ['Ardzaganq' newspaper], 1895-1897"" (EAP180-3-10)","""Արձագանք [Ardzaganq], Issue 19, 1897""",https://eap.bl.uk/archive-file/EAP180-3-10-320,EAP180/3/10/320,1897,19,
"Archival records from ""Արձագանք ['Ardzaganq' newspaper], 1895-1897"" (EAP180-3-10)","""Արձագանք [Ardzaganq], Issue 20, 1897""",https://eap.bl.uk/archive-file/EAP180-3-10-321,EAP180/3/10/321,1897,20,
"Archival records from ""Արձագանք ['Ardzaganq' newspaper], 1895-1897"" (EAP180-3-10)","""Արձագանք [Ardzaganq], Issue 21, 1897""",https://eap.bl.uk/archive-file/EAP180-3-10-322,EAP180/3/10/322,1897,21,
"Archival records from ""Արձագանք ['Ardzaganq' newspaper], 1895-1897"" (EAP180-3-10)","""Արձագանք [Ardzaganq], Issue 22, 1897""",https://eap.bl.uk/archive-file/EAP180-3-10-323,EAP180/3/10/323,1897,22,
"Archival records from ""Արձագանք ['Ardzaganq' newspaper], 1895-1897"" (EAP180-3-10)","""Արձագանք [Ardzaganq], Issue 23, 1897""",https://eap.bl.uk/archive-file/EAP180-3-10-324,EAP180/3/10/324,1897,23,
"Archival records from ""Արձագանք ['Ardzaganq' newspaper], 1895-1897"" (EAP180-3-10)","""Արձագանք [Ardzaganq], Issue 24, 1897""",https://eap.bl.uk/archive-file/EAP180-3-10-325,EAP180/3/10/325,1897,24,
"Archival records from ""Արձագանք ['Ardzaganq' newspaper], 1895-1897"" (EAP180-3-10)","""Արձագանք [Ardzaganq], Issue 25, 1897""",https://eap.bl.uk/archive-file/EAP180-3-10-326,EAP180/3/10/326,1897,25,
"Archival records from ""Արձագանք ['Ardzaganq' newspaper], 1895-1897"" (EAP180-3-10)","""Արձագանք [Ardzaganq], Issue 26, 1897""",https://eap.bl.uk/archive-file/EAP180-3-10-327,EAP180/3/10/327,1897,26,
"Archival records from ""Արձագանք ['Ardzaganq' newspaper], 1895-1897"" (EAP180-3-10)","""Արձագանք [Ardzaganq], Issue 27, 1897""",https://eap.bl.uk/archive-file/EAP180-3-10-328,EAP180/3/10/328,1897,27,
"Archival records from ""Արձագանք ['Ardzaganq' newspaper], 1895-1897"" (EAP180-3-10)","""Արձագանք [Ardzaganq], Issue 28, 1897""",https://eap.bl.uk/archive-file/EAP180-3-10-329,EAP180/3/10/329,1897,28,
"Archival records from ""Արձագանք ['Ardzaganq' newspaper], 1895-1897"" (EAP180-3-10)","""Արձագանք [Ardzaganq], Issue 29, 1897""",https://eap.bl.uk/archive-file/EAP180-3-10-330,EAP180/3/10/330,1897,29,
"Archival records from ""Արձագանք ['Ardzaganq' newspaper], 1895-1897"" (EAP180-3-10)","""Արձագանք [Ardzaganq], Issue 30, 1897""",https://eap.bl.uk/archive-file/EAP180-3-10-331,EAP180/3/10/331,1897,30,
"Archival records from ""Արձագանք ['Ardzaganq' newspaper], 1895-1897"" (EAP180-3-10)","""Արձագանք [Ardzaganq], Issue 31, 1897""",https://eap.bl.uk/archive-file/EAP180-3-10-332,EAP180/3/10/332,1897,31,
"Archival records from ""Արձագանք ['Ardzaganq' newspaper], 1895-1897"" (EAP180-3-10)","""Արձագանք [Ardzaganq], Issue 32, 1897""",https://eap.bl.uk/archive-file/EAP180-3-10-333,EAP180/3/10/333,1897,32,
"Archival records from ""Արձագանք ['Ardzaganq' newspaper], 1895-1897"" (EAP180-3-10)","""Արձագանք [Ardzaganq], Issue 33, 1897""",https://eap.bl.uk/archive-file/EAP180-3-10-334,EAP180/3/10/334,1897,33,
"Archival records from ""Արձագանք ['Ardzaganq' newspaper], 1895-1897"" (EAP180-3-10)","""Արձագանք [Ardzaganq], Issue 34, 1897""",https://eap.bl.uk/archive-file/EAP180-3-10-335,EAP180/3/10/335,1897,34,
"Archival records from ""Արձագանք ['Ardzaganq' newspaper], 1895-1897"" (EAP180-3-10)","""Արձագանք [Ardzaganq], Issue 35, 1897""",https://eap.bl.uk/archive-file/EAP180-3-10-336,EAP180/3/10/336,1897,35,
"Archival records from ""Արձագանք ['Ardzaganq' newspaper], 1895-1897"" (EAP180-3-10)","""Արձագանք [Ardzaganq], Issue 36, 1897""",https://eap.bl.uk/archive-file/EAP180-3-10-337,EAP180/3/10/337,1897,36,
"Archival records from ""Արձագանք ['Ardzaganq' newspaper], 1895-1897"" (EAP180-3-10)","""Արձագանք [Ardzaganq], Issue 37, 1897""",https://eap.bl.uk/archive-file/EAP180-3-10-338,EAP180/3/10/338,1897,37,
"Archival records from ""Արձագանք ['Ardzaganq' newspaper], 1895-1897"" (EAP180-3-10)","""Արձագանք [Ardzaganq], Issue 38, 1897""",https://eap.bl.uk/archive-file/EAP180-3-10-339,EAP180/3/10/339,1897,38,
"Archival records from ""Արձագանք ['Ardzaganq' newspaper], 1895-1897"" (EAP180-3-10)","""Արձագանք [Ardzaganq], Issue 39, 1897""",https://eap.bl.uk/archive-file/EAP180-3-10-340,EAP180/3/10/340,1897,39,
"Archival records from ""Արձագանք ['Ardzaganq' newspaper], 1895-1897"" (EAP180-3-10)","""Արձագանք [Ardzaganq], Issue 40, 1897""",https://eap.bl.uk/archive-file/EAP180-3-10-341,EAP180/3/10/341,1897,40,
"Archival records from ""Արձագանք ['Ardzaganq' newspaper], 1895-1897"" (EAP180-3-10)","""Արձագանք [Ardzaganq], Issue 41, 1897""",https://eap.bl.uk/archive-file/EAP180-3-10-342,EAP180/3/10/342,1897,41,
"Archival records from ""Արձագանք ['Ardzaganq' newspaper], 1895-1897"" (EAP180-3-10)","""Արձագանք [Ardzaganq], Issue 42, 1897""",https://eap.bl.uk/archive-file/EAP180-3-10-343,EAP180/3/10/343,1897,42,
"Archival records from ""Արձագանք ['Ardzaganq' newspaper], 1895-1897"" (EAP180-3-10)","""Արձագանք [Ardzaganq], Issue 43, 1897""",https://eap.bl.uk/archive-file/EAP180-3-10-344,EAP180/3/10/344,1897,43,
"Archival records from ""Արձագանք ['Ardzaganq' newspaper], 1895-1897"" (EAP180-3-10)","""Արձագանք [Ardzaganq], Issue 44, 1897""",https://eap.bl.uk/archive-file/EAP180-3-10-345,EAP180/3/10/345,1897,44,
"Archival records from ""Արձագանք ['Ardzaganq' newspaper], 1895-1897"" (EAP180-3-10)","""Արձագանք [Ardzaganq], Issue 45, 1897""",https://eap.bl.uk/archive-file/EAP180-3-10-346,EAP180/3/10/346,1897,45,
"Archival records from ""Արձագանք ['Ardzaganq' newspaper], 1895-1897"" (EAP180-3-10)","""Արձագանք [Ardzaganq], Issue 46, 1897""",https://eap.bl.uk/archive-file/EAP180-3-10-347,EAP180/3/10/347,1897,46,
"Archival records from ""Արձագանք ['Ardzaganq' newspaper], 1895-1897"" (EAP180-3-10)","""Արձագանք [Ardzaganq], Issue 47, 1897""",https://eap.bl.uk/archive-file/EAP180-3-10-348,EAP180/3/10/348,1897,47,
"Archival records from ""Արձագանք ['Ardzaganq' newspaper], 1895-1897"" (EAP180-3-10)","""Արձագանք [Ardzaganq], Issue 48, 1897""",https://eap.bl.uk/archive-file/EAP180-3-10-349,EAP180/3/10/349,1897,48,
"Archival records from ""Արձագանք ['Ardzaganq' newspaper], 1895-1897"" (EAP180-3-10)","""Արձագանք [Ardzaganq], Issue 49, 1897""",https://eap.bl.uk/archive-file/EAP180-3-10-350,EAP180/3/10/350,1897,49,
"Archival records from ""Արձագանք ['Ardzaganq' newspaper], 1895-1897"" (EAP180-3-10)","""Արձագանք [Ardzaganq], Issue 50, 1897""",https://eap.bl.uk/archive-file/EAP180-3-10-351,EAP180/3/10/351,1897,50,
"Archival records from ""Արձագանք ['Ardzaganq' newspaper], 1895-1897"" (EAP180-3-10)","""Արձագանք [Ardzaganq], Issue 51, 1897""",https://eap.bl.uk/archive-file/EAP180-3-10-352,EAP180/3/10/352,1897,51,
"Archival records from ""Արձագանք ['Ardzaganq' newspaper], 1895-1897"" (EAP180-3-10)","""Արձագանք [Ardzaganq], Issue 52, 1897""",https://eap.bl.uk/archive-file/EAP180-3-10-353,EAP180/3/10/353,1897,52,
"Archival records from ""Արձագանք ['Ardzaganq' newspaper], 1895-1897"" (EAP180-3-10)","""Արձագանք [Ardzaganq], Issue 53, 1897""",https://eap.bl.uk/archive-file/EAP180-3-10-354,EAP180/3/10/354,1897,53,
"Archival records from ""Արձագանք ['Ardzaganq' newspaper], 1895-1897"" (EAP180-3-10)","""Արձագանք [Ardzaganq], Issue 54, 1897""",https://eap.bl.uk/archive-file/EAP180-3-10-355,EAP180/3/10/355,1897,54,
"Archival records from ""Արձագանք ['Ardzaganq' newspaper], 1895-1897"" (EAP180-3-10)","""Արձագանք [Ardzaganq], Issue 55, 1897""",https://eap.bl.uk/archive-file/EAP180-3-10-356,EAP180/3/10/356,1897,55,
"Archival records from ""Արձագանք ['Ardzaganq' newspaper], 1895-1897"" (EAP180-3-10)","""Արձագանք [Ardzaganq], Issue 56, 1897""",https://eap.bl.uk/archive-file/EAP180-3-10-357,EAP180/3/10/357,1897,56,
"Archival records from ""Արձագանք ['Ardzaganq' newspaper], 1895-1897"" (EAP180-3-10)","""Արձագանք [Ardzaganq], Issue 57, 1897""",https://eap.bl.uk/archive-file/EAP180-3-10-358,EAP180/3/10/358,1897,57,
"Archival records from ""Արձագանք ['Ardzaganq' newspaper], 1895-1897"" (EAP180-3-10)","""Արձագանք [Ardzaganq], Issue 58, 1897""",https://eap.bl.uk/archive-file/EAP180-3-10-359,EAP180/3/10/359,1897,58,
"Archival records from ""Արձագանք ['Ardzaganq' newspaper], 1895-1897"" (EAP180-3-10)","""Արձագանք [Ardzaganq], Issue 59, 1897""",https://eap.bl.uk/archive-file/EAP180-3-10-360,EAP180/3/10/360,1897,59,
"Archival records from ""Արձագանք ['Ardzaganq' newspaper], 1895-1897"" (EAP180-3-10)","""Արձագանք [Ardzaganq], Issue 60, 1897""",https://eap.bl.uk/archive-file/EAP180-3-10-361,EAP180/3/10/361,1897,60,
"Archival records from ""Արձագանք ['Ardzaganq' newspaper], 1895-1897"" (EAP180-3-10)","""Արձագանք [Ardzaganq], Issue 61, 1897""",https://eap.bl.uk/archive-file/EAP180-3-10-362,EAP180/3/10/362,1897,61,
"Archival records from ""Արձագանք ['Ardzaganq' newspaper], 1895-1897"" (EAP180-3-10)","""Արձագանք [Ardzaganq], Issue 62, 1897""",https://eap.bl.uk/archive-file/EAP180-3-10-363,EAP180/3/10/363,1897,62,
"Archival records from ""Արձագանք ['Ardzaganq' newspaper], 1895-1897"" (EAP180-3-10)","""Արձագանք [Ardzaganq], Issue 63, 1897""",https://eap.bl.uk/archive-file/EAP180-3-10-364,EAP180/3/10/364,1897,63,
"Archival records from ""Արձագանք ['Ardzaganq' newspaper], 1895-1897"" (EAP180-3-10)","""Արձագանք [Ardzaganq], Issue 64, 1897""",https://eap.bl.uk/archive-file/EAP180-3-10-365,EAP180/3/10/365,1897,64,
"Archival records from ""Արձագանք ['Ardzaganq' newspaper], 1895-1897"" (EAP180-3-10)","""Արձագանք [Ardzaganq], Issue 65, 1897""",https://eap.bl.uk/archive-file/EAP180-3-10-366,EAP180/3/10/366,1897,65,
"Archival records from ""Արձագանք ['Ardzaganq' newspaper], 1895-1897"" (EAP180-3-10)","""Արձագանք [Ardzaganq], Issue 66, 1897""",https://eap.bl.uk/archive-file/EAP180-3-10-367,EAP180/3/10/367,1897,66,
"Archival records from ""Արձագանք ['Ardzaganq' newspaper], 1895-1897"" (EAP180-3-10)","""Արձագանք [Ardzaganq], Issue 67, 1897""",https://eap.bl.uk/archive-file/EAP180-3-10-368,EAP180/3/10/368,1897,67,
"Archival records from ""Արձագանք ['Ardzaganq' newspaper], 1895-1897"" (EAP180-3-10)","""Արձագանք [Ardzaganq], Issue 68, 1897""",https://eap.bl.uk/archive-file/EAP180-3-10-369,EAP180/3/10/369,1897,68,
"Archival records from ""Արձագանք ['Ardzaganq' newspaper], 1895-1897"" (EAP180-3-10)","""Արձագանք [Ardzaganq], Issue 69, 1897""",https://eap.bl.uk/archive-file/EAP180-3-10-370,EAP180/3/10/370,1897,69,
"Archival records from ""Արձագանք ['Ardzaganq' newspaper], 1895-1897"" (EAP180-3-10)","""Արձագանք [Ardzaganq], Issue 70, 1897""",https://eap.bl.uk/archive-file/EAP180-3-10-371,EAP180/3/10/371,1897,70,
"Archival records from ""Արձագանք ['Ardzaganq' newspaper], 1895-1897"" (EAP180-3-10)","""Արձագանք [Ardzaganq], Issue 71, 1897""",https://eap.bl.uk/archive-file/EAP180-3-10-372,EAP180/3/10/372,1897,71,
"Archival records from ""Արձագանք ['Ardzaganq' newspaper], 1895-1897"" (EAP180-3-10)","""Արձագանք [Ardzaganq], Issue 72, 1897""",https://eap.bl.uk/archive-file/EAP180-3-10-373,EAP180/3/10/373,1897,72,
"Archival records from ""Արձագանք ['Ardzaganq' newspaper], 1895-1897"" (EAP180-3-10)","""Արձագանք [Ardzaganq], Issue 73, 1897""",https://eap.bl.uk/archive-file/EAP180-3-10-374,EAP180/3/10/374,1897,73,
"Archival records from ""Արձագանք ['Ardzaganq' newspaper], 1895-1897"" (EAP180-3-10)","""Արձագանք [Ardzaganq], Issue 74, 1897""",https://eap.bl.uk/archive-file/EAP180-3-10-375,EAP180/3/10/375,1897,74,
"Archival records from ""Արձագանք ['Ardzaganq' newspaper], 1895-1897"" (EAP180-3-10)","""Արձագանք [Ardzaganq], Issue 75, 1897""",https://eap.bl.uk/archive-file/EAP180-3-10-376,EAP180/3/10/376,1897,75,
"Archival records from ""Արձագանք ['Ardzaganq' newspaper], 1895-1897"" (EAP180-3-10)","""Արձագանք [Ardzaganq], Issue 76, 1897""",https://eap.bl.uk/archive-file/EAP180-3-10-377,EAP180/3/10/377,1897,76,
"Archival records from ""Արձագանք ['Ardzaganq' newspaper], 1895-1897"" (EAP180-3-10)","""Արձագանք [Ardzaganq], Issue 77, 1897""",https://eap.bl.uk/archive-file/EAP180-3-10-378,EAP180/3/10/378,1897,77,
"Archival records from ""Արձագանք ['Ardzaganq' newspaper], 1895-1897"" (EAP180-3-10)","""Արձագանք [Ardzaganq], Issue 78, 1897""",https://eap.bl.uk/archive-file/EAP180-3-10-379,EAP180/3/10/379,1897,78,
"Archival records from ""Արձագանք ['Ardzaganq' newspaper], 1895-1897"" (EAP180-3-10)","""Արձագանք [Ardzaganq], Issue 79, 1897""",https://eap.bl.uk/archive-file/EAP180-3-10-380,EAP180/3/10/380,1897,79,
"Archival records from ""Արձագանք ['Ardzaganq' newspaper], 1895-1897"" (EAP180-3-10)","""Արձագանք [Ardzaganq], Issue 80, 1897""",https://eap.bl.uk/archive-file/EAP180-3-10-381,EAP180/3/10/381,1897,80,
"Archival records from ""Արձագանք ['Ardzaganq' newspaper], 1895-1897"" (EAP180-3-10)","""Արձագանք [Ardzaganq], Issue 81, 1897""",https://eap.bl.uk/archive-file/EAP180-3-10-382,EAP180/3/10/382,1897,81,
"Archival records from ""Արձագանք ['Ardzaganq' newspaper], 1895-1897"" (EAP180-3-10)","""Արձագանք [Ardzaganq], Issue 82, 1897""",https://eap.bl.uk/archive-file/EAP180-3-10-383,EAP180/3/10/383,1897,82,
"Archival records from ""Արձագանք ['Ardzaganq' newspaper], 1895-1897"" (EAP180-3-10)","""Արձագանք [Ardzaganq], Issue 83, 1897""",https://eap.bl.uk/archive-file/EAP180-3-10-384,EAP180/3/10/384,1897,83,
"Archival records from ""Արձագանք ['Ardzaganq' newspaper], 1895-1897"" (EAP180-3-10)","""Արձագանք [Ardzaganq], Issue 84, 1897""",https://eap.bl.uk/archive-file/EAP180-3-10-385,EAP180/3/10/385,1897,84,
"Archival records from ""Արձագանք ['Ardzaganq' newspaper], 1895-1897"" (EAP180-3-10)","""Արձագանք [Ardzaganq], Issue 85, 1897""",https://eap.bl.uk/archive-file/EAP180-3-10-386,EAP180/3/10/386,1897,85,
"Archival records from ""Արձագանք ['Ardzaganq' newspaper], 1895-1897"" (EAP180-3-10)","""Արձագանք [Ardzaganq], Issue 86, 1897""",https://eap.bl.uk/archive-file/EAP180-3-10-387,EAP180/3/10/387,1897,86,
"Archival records from ""Արձագանք ['Ardzaganq' newspaper], 1895-1897"" (EAP180-3-10)","""Արձագանք [Ardzaganq], Issue 87, 1897""",https://eap.bl.uk/archive-file/EAP180-3-10-388,EAP180/3/10/388,1897,87,
"Archival records from ""Արձագանք ['Ardzaganq' newspaper], 1895-1897"" (EAP180-3-10)","""Արձագանք [Ardzaganq], Issue 88, 1897""",https://eap.bl.uk/archive-file/EAP180-3-10-389,EAP180/3/10/389,1897,88,
"Archival records from ""Արձագանք ['Ardzaganq' newspaper], 1895-1897"" (EAP180-3-10)","""Արձագանք [Ardzaganq], Issue 89, 1897""",https://eap.bl.uk/archive-file/EAP180-3-10-390,EAP180/3/10/390,1897,89,
"Archival records from ""Արձագանք ['Ardzaganq' newspaper], 1895-1897"" (EAP180-3-10)","""Արձագանք [Ardzaganq], Issue 90, 1897""",https://eap.bl.uk/archive-file/EAP180-3-10-391,EAP180/3/10/391,1897,90,
"Archival records from ""Արձագանք ['Ardzaganq' newspaper], 1895-1897"" (EAP180-3-10)","""Արձագանք [Ardzaganq], Issue 91, 1897""",https://eap.bl.uk/archive-file/EAP180-3-10-392,EAP180/3/10/392,1897,91,
"Archival records from ""Արձագանք ['Ardzaganq' newspaper], 1895-1897"" (EAP180-3-10)","""Արձագանք [Ardzaganq], Issue 92, 1897""",https://eap.bl.uk/archive-file/EAP180-3-10-393,EAP180/3/10/393,1897,92,
"Archival records from ""Արձագանք ['Ardzaganq' newspaper], 1895-1897"" (EAP180-3-10)","""Արձագանք [Ardzaganq], Issue 93, 1897""",https://eap.bl.uk/archive-file/EAP180-3-10-394,EAP180/3/10/394,1897,93,
"Archival records from ""Արձագանք ['Ardzaganq' newspaper], 1895-1897"" (EAP180-3-10)","""Արձագանք [Ardzaganq], Issue 94, 1897""",https://eap.bl.uk/archive-file/EAP180-3-10-395,EAP180/3/10/395,1897,94,
"Archival records from ""Արձագանք ['Ardzaganq' newspaper], 1895-1897"" (EAP180-3-10)","""Արձագանք [Ardzaganq], Issue 95, 1897""",https://eap.bl.uk/archive-file/EAP180-3-10-396,EAP180/3/10/396,1897,95,
"Archival records from ""Արձագանք ['Ardzaganq' newspaper], 1895-1897"" (EAP180-3-10)","""Արձագանք [Ardzaganq], Issue 96, 1897""",https://eap.bl.uk/archive-file/EAP180-3-10-397,EAP180/3/10/397,1897,96,
"Archival records from ""Արձագանք ['Ardzaganq' newspaper], 1895-1897"" (EAP180-3-10)","""Արձագանք [Ardzaganq], Issue 97, 1897""",https://eap.bl.uk/archive-file/EAP180-3-10-398,EAP180/3/10/398,1897,97,
"Archival records from ""Արձագանք ['Ardzaganq' newspaper], 1895-1897"" (EAP180-3-10)","""Արձագանք [Ardzaganq], Issue 98, 1897""",https://eap.bl.uk/archive-file/EAP180-3-10-399,EAP180/3/10/399,1897,98,
"Archival records from ""Արձագանք ['Ardzaganq' newspaper], 1895-1897"" (EAP180-3-10)","""Արձագանք [Ardzaganq], Issue 99, 1897""",https://eap.bl.uk/archive-file/EAP180-3-10-400,EAP180/3/10/400,1897,99,
"Archival records from ""Արձագանք ['Ardzaganq' newspaper], 1895-1897"" (EAP180-3-10)","""Արձագանք [Ardzaganq], Issue 100, 1897""",https://eap.bl.uk/archive-file/EAP180-3-10-401,EAP180/3/10/401,1897,100,
"Archival records from ""Արձագանք ['Ardzaganq' newspaper], 1895-1897"" (EAP180-3-10)","""Արձագանք [Ardzaganq], Issue 101, 1897""",https://eap.bl.uk/archive-file/EAP180-3-10-402,EAP180/3/10/402,1897,101,
"Archival records from ""Արձագանք ['Ardzaganq' newspaper], 1895-1897"" (EAP180-3-10)","""Արձագանք [Ardzaganq], Issue 102, 1897""",https://eap.bl.uk/archive-file/EAP180-3-10-403,EAP180/3/10/403,1897,102,
"Archival records from ""Արձագանք ['Ardzaganq' newspaper], 1895-1897"" (EAP180-3-10)","""Արձագանք [Ardzaganq], Issue 103, 1897""",https://eap.bl.uk/archive-file/EAP180-3-10-404,EAP180/3/10/404,1897,103,
"Archival records from ""Արձագանք ['Ardzaganq' newspaper], 1895-1897"" (EAP180-3-10)","""Արձագանք [Ardzaganq], Issue 104, 1897""",https://eap.bl.uk/archive-file/EAP180-3-10-405,EAP180/3/10/405,1897,104,
"Archival records from ""Արձագանք ['Ardzaganq' newspaper], 1895-1897"" (EAP180-3-10)","""Արձագանք [Ardzaganq], Issue 105, 1897""",https://eap.bl.uk/archive-file/EAP180-3-10-406,EAP180/3/10/406,1897,105,
"Archival records from ""Արձագանք ['Ardzaganq' newspaper], 1895-1897"" (EAP180-3-10)","""Արձագանք [Ardzaganq], Issue 106, 1897""",https://eap.bl.uk/archive-file/EAP180-3-10-407,EAP180/3/10/407,1897,106,
"Archival records from ""Արձագանք ['Ardzaganq' newspaper], 1895-1897"" (EAP180-3-10)","""Արձագանք [Ardzaganq], Issue 107, 1897""",https://eap.bl.uk/archive-file/EAP180-3-10-408,EAP180/3/10/408,1897,107,
"Archival records from ""Արձագանք ['Ardzaganq' newspaper], 1895-1897"" (EAP180-3-10)","""Արձագանք [Ardzaganq], Issue 108, 1897""",https://eap.bl.uk/archive-file/EAP180-3-10-409,EAP180/3/10/409,1897,108,
"Archival records from ""Արձագանք ['Ardzaganq' newspaper], 1895-1897"" (EAP180-3-10)","""Արձագանք [Ardzaganq], Issue 109, 1897""",https://eap.bl.uk/archive-file/EAP180-3-10-410,EAP180/3/10/410,1897,109,
"Archival records from ""Արձագանք ['Ardzaganq' newspaper], 1895-1897"" (EAP180-3-10)","""Արձագանք [Ardzaganq], Issue 110, 1897""",https://eap.bl.uk/archive-file/EAP180-3-10-411,EAP180/3/10/411,1897,110,
"Archival records from ""Արձագանք ['Ardzaganq' newspaper], 1895-1897"" (EAP180-3-10)","""Արձագանք [Ardzaganq], Issue 111, 1897""",https://eap.bl.uk/archive-file/EAP180-3-10-412,EAP180/3/10/412,1897,111,
"Archival records from ""Արձագանք ['Ardzaganq' newspaper], 1895-1897"" (EAP180-3-10)","""Արձագանք [Ardzaganq], Issue 112, 1897""",https://eap.bl.uk/archive-file/EAP180-3-10-413,EAP180/3/10/413,1897,112,
"Archival records from ""Արձագանք ['Ardzaganq' newspaper], 1895-1897"" (EAP180-3-10)","""Արձագանք [Ardzaganq], Issue 113, 1897""",https://eap.bl.uk/archive-file/EAP180-3-10-414,EAP180/3/10/414,1897,113,
"Archival records from ""Արձագանք ['Ardzaganq' newspaper], 1895-1897"" (EAP180-3-10)","""Արձագանք [Ardzaganq], Issue 114, 1897""",https://eap.bl.uk/archive-file/EAP180-3-10-415,EAP180/3/10/415,1897,114,
"Archival records from ""Արձագանք ['Ardzaganq' newspaper], 1895-1897"" (EAP180-3-10)","""Արձագանք [Ardzaganq], Issue 115, 1897""",https://eap.bl.uk/archive-file/EAP180-3-10-416,EAP180/3/10/416,1897,115,
"Archival records from ""Արձագանք ['Ardzaganq' newspaper], 1895-1897"" (EAP180-3-10)","""Արձագանք [Ardzaganq], Issue 116, 1897""",https://eap.bl.uk/archive-file/EAP180-3-10-417,EAP180/3/10/417,1897,116,
"Archival records from ""Արձագանք ['Ardzaganq' newspaper], 1895-1897"" (EAP180-3-10)","""Արձագանք [Ardzaganq], Issue 117, 1897""",https://eap.bl.uk/archive-file/EAP180-3-10-418,EAP180/3/10/418,1897,117,
"Archival records from ""Արձագանք ['Ardzaganq' newspaper], 1895-1897"" (EAP180-3-10)","""Արձագանք [Ardzaganq], Issue 118, 1897""",https://eap.bl.uk/archive-file/EAP180-3-10-419,EAP180/3/10/419,1897,118,
"Archival records from ""Արձագանք ['Ardzaganq' newspaper], 1895-1897"" (EAP180-3-10)","""Արձագանք [Ardzaganq], Issue 119, 1897""",https://eap.bl.uk/archive-file/EAP180-3-10-420,EAP180/3/10/420,1897,119,
"Archival records from ""Արձագանք ['Ardzaganq' newspaper], 1895-1897"" (EAP180-3-10)","""Արձագանք [Ardzaganq], Issue 120, 1897""",https://eap.bl.uk/archive-file/EAP180-3-10-421,EAP180/3/10/421,1897,120,
"Archival records from ""Արձագանք ['Ardzaganq' newspaper], 1895-1897"" (EAP180-3-10)","""Արձագանք [Ardzaganq], Issue 121, 1897""",https://eap.bl.uk/archive-file/EAP180-3-10-422,EAP180/3/10/422,1897,121,
"Archival records from ""Արձագանք ['Ardzaganq' newspaper], 1895-1897"" (EAP180-3-10)","""Արձագանք [Ardzaganq], Issue 122, 1897""",https://eap.bl.uk/archive-file/EAP180-3-10-423,EAP180/3/10/423,1897,122,
"Archival records from ""Արձագանք ['Ardzaganq' newspaper], 1895-1897"" (EAP180-3-10)","""Արձագանք [Ardzaganq], Issue 123, 1897""",https://eap.bl.uk/archive-file/EAP180-3-10-424,EAP180/3/10/424,1897,123,
"Archival records from ""Արձագանք ['Ardzaganq' newspaper], 1895-1897"" (EAP180-3-10)","""Արձագանք [Ardzaganq], Issue 124, 1897""",https://eap.bl.uk/archive-file/EAP180-3-10-425,EAP180/3/10/425,1897,124,
"Archival records from ""Արձագանք ['Ardzaganq' newspaper], 1895-1897"" (EAP180-3-10)","""Արձագանք [Ardzaganq], Issue 125, 1897""",https://eap.bl.uk/archive-file/EAP180-3-10-426,EAP180/3/10/426,1897,125,
"Archival records from ""Արձագանք ['Ardzaganq' newspaper], 1895-1897"" (EAP180-3-10)","""Արձագանք [Ardzaganq], Issue 126, 1897""",https://eap.bl.uk/archive-file/EAP180-3-10-427,EAP180/3/10/427,1897,126,
"Archival records from ""Արձագանք ['Ardzaganq' newspaper], 1895-1897"" (EAP180-3-10)","""Արձագանք [Ardzaganq], Issue 127, 1897""",https://eap.bl.uk/archive-file/EAP180-3-10-428,EAP180/3/10/428,1897,127,
"Archival records from ""Արձագանք ['Ardzaganq' newspaper], 1895-1897"" (EAP180-3-10)","""Արձագանք [Ardzaganq], Issue 128, 1897""",https://eap.bl.uk/archive-file/EAP180-3-10-429,EAP180/3/10/429,1897,128,
"Archival records from ""Արձագանք ['Ardzaganq' newspaper], 1895-1897"" (EAP180-3-10)","""Արձագանք [Ardzaganq], Issue 129, 1897""",https://eap.bl.uk/archive-file/EAP180-3-10-430,EAP180/3/10/430,1897,129,
"Archival records from ""Արձագանք ['Ardzaganq' newspaper], 1895-1897"" (EAP180-3-10)","""Արձագանք [Ardzaganq], Issue 130, 1897""",https://eap.bl.uk/archive-file/EAP180-3-10-431,EAP180/3/10/431,1897,130,
"Archival records from ""Արձագանք ['Ardzaganq' newspaper], 1895-1897"" (EAP180-3-10)","""Արձագանք [Ardzaganq], Issue 131, 1897""",https://eap.bl.uk/archive-file/EAP180-3-10-432,EAP180/3/10/432,1897,131,
"Archival records from ""Արձագանք ['Ardzaganq' newspaper], 1895-1897"" (EAP180-3-10)","""Արձագանք [Ardzaganq], Issue 132, 1897""",https://eap.bl.uk/archive-file/EAP180-3-10-433,EAP180/3/10/433,1897,132,
"Archival records from ""Արձագանք ['Ardzaganq' newspaper], 1895-1897"" (EAP180-3-10)","""Արձագանք [Ardzaganq], Issue 133, 1897""",https://eap.bl.uk/archive-file/EAP180-3-10-434,EAP180/3/10/434,1897,133,
"Archival records from ""Արձագանք ['Ardzaganq' newspaper], 1895-1897"" (EAP180-3-10)","""Արձագանք [Ardzaganq], Issue 134, 1897""",https://eap.bl.uk/archive-file/EAP180-3-10-435,EAP180/3/10/435,1897,134,
"Archival records from ""Արձագանք ['Ardzaganq' newspaper], 1895-1897"" (EAP180-3-10)","""Արձագանք [Ardzaganq], Issue 135, 1897""",https://eap.bl.uk/archive-file/EAP180-3-10-436,EAP180/3/10/436,1897,135,
"Archival records from ""Արձագանք ['Ardzaganq' newspaper], 1895-1897"" (EAP180-3-10)","""Արձագանք [Ardzaganq], Issue 136, 1897""",https://eap.bl.uk/archive-file/EAP180-3-10-437,EAP180/3/10/437,1897,136,
"Archival records from ""Արձագանք ['Ardzaganq' newspaper], 1895-1897"" (EAP180-3-10)","""Արձագանք [Ardzaganq], Issue 137, 1897""",https://eap.bl.uk/archive-file/EAP180-3-10-438,EAP180/3/10/438,1897,137,
"Archival records from ""Արձագանք ['Ardzaganq' newspaper], 1895-1897"" (EAP180-3-10)","""Արձագանք [Ardzaganq], Issue 138, 1897""",https://eap.bl.uk/archive-file/EAP180-3-10-439,EAP180/3/10/439,1897,138,
"Archival records from ""Արձագանք ['Ardzaganq' newspaper], 1895-1897"" (EAP180-3-10)","""Արձագանք [Ardzaganq], Issue 139, 1897""",https://eap.bl.uk/archive-file/EAP180-3-10-440,EAP180/3/10/440,1897,139,
"Archival records from ""Արձագանք ['Ardzaganq' newspaper], 1895-1897"" (EAP180-3-10)","""Արձագանք [Ardzaganq], Issue 140, 1897""",https://eap.bl.uk/archive-file/EAP180-3-10-441,EAP180/3/10/441,1897,140,
"Archival records from ""Արձագանք ['Ardzaganq' newspaper], 1895-1897"" (EAP180-3-10)","""Արձագանք [Ardzaganq], Issue 141, 1897""",https://eap.bl.uk/archive-file/EAP180-3-10-442,EAP180/3/10/442,1897,141,
"Archival records from ""Արձագանք ['Ardzaganq' newspaper], 1895-1897"" (EAP180-3-10)","""Արձագանք [Ardzaganq], Issue 142, 1897""",https://eap.bl.uk/archive-file/EAP180-3-10-443,EAP180/3/10/443,1897,142,
"Archival records from ""Արձագանք ['Ardzaganq' newspaper], 1895-1897"" (EAP180-3-10)","""Արձագանք [Ardzaganq], Issue 143, 1897""",https://eap.bl.uk/archive-file/EAP180-3-10-444,EAP180/3/10/444,1897,143,
"Archival records from ""Արձագանք ['Ardzaganq' newspaper], 1895-1897"" (EAP180-3-10)","""Արձագանք [Ardzaganq], Issue 144, 1897""",https://eap.bl.uk/archive-file/EAP180-3-10-445,EAP180/3/10/445,1897,144,
"Archival records from ""Արձագանք ['Ardzaganq' newspaper], 1895-1897"" (EAP180-3-10)","""Արձագանք [Ardzaganq], Issue 145, 1897""",https://eap.bl.uk/archive-file/EAP180-3-10-446,EAP180/3/10/446,1897,145,
"Archival records from ""Արձագանք ['Ardzaganq' newspaper], 1895-1897"" (EAP180-3-10)","""Արձագանք [Ardzaganq], Issue 146, 1897""",https://eap.bl.uk/archive-file/EAP180-3-10-447,EAP180/3/10/447,1897,146,
"Archival records from ""Արձագանք ['Ardzaganq' newspaper], 1895-1897"" (EAP180-3-10)","""Արձագանք [Ardzaganq], Issue 147, 1897""",https://eap.bl.uk/archive-file/EAP180-3-10-448,EAP180/3/10/448,1897,147,
"Archival records from ""Արձագանք ['Ardzaganq' newspaper], 1895-1897"" (EAP180-3-10)","""Արձագանք [Ardzaganq], Issue 147, 1897""",https://eap.bl.uk/archive-file/EAP180-3-10-449,EAP180/3/10/449,1897,147,
"Archival records from ""Արձագանք ['Ardzaganq' newspaper], 1895-1897"" (EAP180-3-10)","""Արձագանք [Ardzaganq], Issue 148, 1897""",https://eap.bl.uk/archive-file/EAP180-3-10-450,EAP180/3/10/450,1897,148,
"Archival records from ""Արձագանք ['Ardzaganq' newspaper], 1895-1897"" (EAP180-3-10)","""Արձագանք [Ardzaganq], Issue 149, 1897""",https://eap.bl.uk/archive-file/EAP180-3-10-451,EAP180/3/10/451,1897,149,
"Archival records from ""Արձագանք ['Ardzaganq' newspaper], 1895-1897"" (EAP180-3-10)","""Արձագանք [Ardzaganq], Issue 150, 1897""",https://eap.bl.uk/archive-file/EAP180-3-10-452,EAP180/3/10/452,1897,150,
"Archival records from ""Արձագանք ['Ardzaganq' newspaper], 1895-1897"" (EAP180-3-10)","""Արձագանք [Ardzaganq], Issue 151, 1897""",https://eap.bl.uk/archive-file/EAP180-3-10-453,EAP180/3/10/453,1897,151,
"Archival records from ""Արձագանք ['Ardzaganq' newspaper], 1895-1897"" (EAP180-3-10)","""Արձագանք [Ardzaganq], Issue 151, 1897""",https://eap.bl.uk/archive-file/EAP180-3-10-454,EAP180/3/10/454,1897,151,
"Archival records from ""Արձագանք ['Ardzaganq' newspaper], 1895-1897"" (EAP180-3-10)","""Արձագանք [Ardzaganq], Issue 1, 1897""",https://eap.bl.uk/archive-file/EAP180-3-10-455,EAP180/3/10/455,1897,1,
"Archival records from ""Արձագանք ['Ardzaganq' newspaper], 1895-1897"" (EAP180-3-10)","""Արձագանք [Ardzaganq], Issue 2, 1897""",https://eap.bl.uk/archive-file/EAP180-3-10-456,EAP180/3/10/456,1897,2,
"Archival records from ""Արձագանք ['Ardzaganq' newspaper], 1895-1897"" (EAP180-3-10)","""Արձագանք [Ardzaganq], Issue 3, 1897""",https://eap.bl.uk/archive-file/EAP180-3-10-457,EAP180/3/10/457,1897,3,
"Archival records from ""Արձագանք ['Ardzaganq' newspaper], 1895-1897"" (EAP180-3-10)","""Արձագանք [Ardzaganq], Issue 4, 1897""",https://eap.bl.uk/archive-file/EAP180-3-10-458,EAP180/3/10/458,1897,4,
"Archival records from ""Արձագանք ['Ardzaganq' newspaper], 1895-1897"" (EAP180-3-10)","""Արձագանք [Ardzaganq], Issue 5, 1897""",https://eap.bl.uk/archive-file/EAP180-3-10-459,EAP180/3/10/459,1897,5,
"Archival records from ""Արձագանք ['Ardzaganq' newspaper], 1895-1897"" (EAP180-3-10)","""Արձագանք [Ardzaganq], Issue 6, 1897""",https://eap.bl.uk/archive-file/EAP180-3-10-460,EAP180/3/10/460,1897,6,
